relationship_id	gene_id	gene_symbol	hmdb_id	hmdb_protein_accessions	uniprot_ids	protein_types	source
HMDB_GENE_METABOLITE:10327|HMDB0000108	10327	AKR1A1	HMDB0000108	HMDBP00507	P14550	Enzyme	HMDB
HMDB_GENE_METABOLITE:10327|HMDB0000820	10327	AKR1A1	HMDB0000820	HMDBP00507	P14550	Enzyme	HMDB
HMDB_GENE_METABOLITE:10327|HMDB0000863	10327	AKR1A1	HMDB0000863	HMDBP00507	P14550	Enzyme	HMDB
HMDB_GENE_METABOLITE:10327|HMDB0000990	10327	AKR1A1	HMDB0000990	HMDBP00507	P14550	Enzyme	HMDB
HMDB_GENE_METABOLITE:10327|HMDB0004327	10327	AKR1A1	HMDB0004327	HMDBP00507	P14550	Enzyme	HMDB
HMDB_GENE_METABOLITE:10327|HMDB0006006	10327	AKR1A1	HMDB0006006	HMDBP00507	P14550	Enzyme	HMDB
HMDB_GENE_METABOLITE:10327|HMDB0013036	10327	AKR1A1	HMDB0013036	HMDBP00507	P14550	Enzyme	HMDB
HMDB_GENE_METABOLITE:11185|HMDB0002303	11185	INMT	HMDB0002303	HMDBP00415	O95050	Unknown	HMDB
HMDB_GENE_METABOLITE:1244|HMDB0000036	1244	ABCC2	HMDB0000036	HMDBP01658	Q92887	Transporter	HMDB
HMDB_GENE_METABOLITE:1244|HMDB0000619	1244	ABCC2	HMDB0000619	HMDBP01658	Q92887	Transporter	HMDB
HMDB_GENE_METABOLITE:127|HMDB0000108	127	ADH4	HMDB0000108	HMDBP00511	P08319	Unknown	HMDB
HMDB_GENE_METABOLITE:127|HMDB0000820	127	ADH4	HMDB0000820	HMDBP00511	P08319	Unknown	HMDB
HMDB_GENE_METABOLITE:127|HMDB0000863	127	ADH4	HMDB0000863	HMDBP00511	P08319	Unknown	HMDB
HMDB_GENE_METABOLITE:127|HMDB0000990	127	ADH4	HMDB0000990	HMDBP00511	P08319	Unknown	HMDB
HMDB_GENE_METABOLITE:127|HMDB0004327	127	ADH4	HMDB0004327	HMDBP00511	P08319	Unknown	HMDB
HMDB_GENE_METABOLITE:127|HMDB0006006	127	ADH4	HMDB0006006	HMDBP00511	P08319	Unknown	HMDB
HMDB_GENE_METABOLITE:127|HMDB0013036	127	ADH4	HMDB0013036	HMDBP00511	P08319	Unknown	HMDB
HMDB_GENE_METABOLITE:1374|HMDB0000222	1374	CPT1A	HMDB0000222	HMDBP00309	P50416	Enzyme	HMDB
HMDB_GENE_METABOLITE:1499|HMDB0000294	1499	CTNNB1	HMDB0000294	HMDBP02169	P35222	Enzyme	HMDB
HMDB_GENE_METABOLITE:151|HMDB0000306	151	ADRA2B	HMDB0000306	HMDBP01602	P18089	Enzyme	HMDB
HMDB_GENE_METABOLITE:151|HMDB0004825	151	ADRA2B	HMDB0004825	HMDBP01602	P18089	Enzyme	HMDB
HMDB_GENE_METABOLITE:1543|HMDB0000108	1543	CYP1A1	HMDB0000108	HMDBP01555	P04798	Unknown	HMDB
HMDB_GENE_METABOLITE:1543|HMDB0000673	1543	CYP1A1	HMDB0000673	HMDBP07417	A0N0X8	Enzyme	HMDB
HMDB_GENE_METABOLITE:1544|HMDB0000108	1544	CYP1A2	HMDB0000108	HMDBP01560	P05177	Unknown	HMDB
HMDB_GENE_METABOLITE:1544|HMDB0000673	1544	CYP1A2	HMDB0000673	HMDBP01560	P05177	Unknown	HMDB
HMDB_GENE_METABOLITE:1555|HMDB0000108	1555	CYP2B6	HMDB0000108	HMDBP01553	P20813	Unknown	HMDB
HMDB_GENE_METABOLITE:1555|HMDB0000673	1555	CYP2B6	HMDB0000673	HMDBP01553	P20813	Unknown	HMDB
HMDB_GENE_METABOLITE:1557|HMDB0000108	1557	CYP2C19	HMDB0000108	HMDBP01038	P33261	Unknown	HMDB
HMDB_GENE_METABOLITE:1557|HMDB0000673	1557	CYP2C19	HMDB0000673	HMDBP01038	P33261	Unknown	HMDB
HMDB_GENE_METABOLITE:1557|HMDB0003375	1557	CYP2C19	HMDB0003375	HMDBP01038	P33261	Unknown	HMDB
HMDB_GENE_METABOLITE:1558|HMDB0000673	1558	CYP2C8	HMDB0000673	HMDBP01562	P10632	Unknown	HMDB
HMDB_GENE_METABOLITE:1571|HMDB0000108	1571	CYP2E1	HMDB0000108	HMDBP01544	P05181	Unknown	HMDB
HMDB_GENE_METABOLITE:1571|HMDB0000673	1571	CYP2E1	HMDB0000673	HMDBP01544	P05181	Unknown	HMDB
HMDB_GENE_METABOLITE:1586|HMDB0000042	1586	CYP17A1	HMDB0000042	HMDBP01043	P05093	Unknown	HMDB
HMDB_GENE_METABOLITE:1646|HMDB0000518	1646	AKR1C2	HMDB0000518	HMDBP00387	P52895	Unknown	HMDB
HMDB_GENE_METABOLITE:191|HMDB0000863	191	AHCY	HMDB0000863	HMDBP00662	P23526	Unknown	HMDB
HMDB_GENE_METABOLITE:217|HMDB0000042	217	ALDH2	HMDB0000042	HMDBP00295	P05091	Unknown	HMDB
HMDB_GENE_METABOLITE:217|HMDB0000990	217	ALDH2	HMDB0000990	HMDBP00295	P05091	Unknown	HMDB
HMDB_GENE_METABOLITE:217|HMDB0001842	217	ALDH2	HMDB0001842	HMDBP00295	P05091	Unknown	HMDB
HMDB_GENE_METABOLITE:219|HMDB0000042	219	ALDH1B1	HMDB0000042	HMDBP00297	P30837	Unknown	HMDB
HMDB_GENE_METABOLITE:219|HMDB0000820	219	ALDH1B1	HMDB0000820	HMDBP00297	P30837	Unknown	HMDB
HMDB_GENE_METABOLITE:219|HMDB0000863	219	ALDH1B1	HMDB0000863	HMDBP00297	P30837	Unknown	HMDB
HMDB_GENE_METABOLITE:219|HMDB0000990	219	ALDH1B1	HMDB0000990	HMDBP00297	P30837	Unknown	HMDB
HMDB_GENE_METABOLITE:219|HMDB0004327	219	ALDH1B1	HMDB0004327	HMDBP00297	P30837	Unknown	HMDB
HMDB_GENE_METABOLITE:219|HMDB0006006	219	ALDH1B1	HMDB0006006	HMDBP00297	P30837	Unknown	HMDB
HMDB_GENE_METABOLITE:219|HMDB0013036	219	ALDH1B1	HMDB0013036	HMDBP00297	P30837	Unknown	HMDB
HMDB_GENE_METABOLITE:2563|HMDB0000108	2563	GABRD	HMDB0000108	HMDBP08207	O14764	Unknown	HMDB
HMDB_GENE_METABOLITE:26266|HMDB0000228	26266	SLC13A4	HMDB0000228	HMDBP03098	Q9UKG4	Unknown	HMDB
HMDB_GENE_METABOLITE:3066|HMDB0000039	3066	HDAC2	HMDB0000039	HMDBP09107	Q92769	Unknown	HMDB
HMDB_GENE_METABOLITE:374569|HMDB0000042	374569	ASPG	HMDB0000042	HMDBP07300	Q86U10	Enzyme	HMDB
HMDB_GENE_METABOLITE:374569|HMDB0000191	374569	ASPG	HMDB0000191	HMDBP07300	Q86U10	Enzyme	HMDB
HMDB_GENE_METABOLITE:374569|HMDB0002815	374569	ASPG	HMDB0002815	HMDBP07300	Q86U10	Enzyme	HMDB
HMDB_GENE_METABOLITE:374569|HMDB0010382	374569	ASPG	HMDB0010382	HMDBP07300	Q86U10	Enzyme	HMDB
HMDB_GENE_METABOLITE:374569|HMDB0010384	374569	ASPG	HMDB0010384	HMDBP07300	Q86U10	Enzyme	HMDB
HMDB_GENE_METABOLITE:374569|HMDB0010386	374569	ASPG	HMDB0010386	HMDBP07300	Q86U10	Enzyme	HMDB
HMDB_GENE_METABOLITE:383|HMDB0000294	383	ARG1	HMDB0000294	HMDBP00298	P05089	Unknown	HMDB
HMDB_GENE_METABOLITE:3931|HMDB0002815	3931	LCAT	HMDB0002815	HMDBP00069	P04180	Enzyme	HMDB
HMDB_GENE_METABOLITE:3931|HMDB0010382	3931	LCAT	HMDB0010382	HMDBP00069	P04180	Enzyme	HMDB
HMDB_GENE_METABOLITE:3931|HMDB0010384	3931	LCAT	HMDB0010384	HMDBP00069	P04180	Enzyme	HMDB
HMDB_GENE_METABOLITE:3931|HMDB0010386	3931	LCAT	HMDB0010386	HMDBP00069	P04180	Enzyme	HMDB
HMDB_GENE_METABOLITE:4353|HMDB0001875	4353	MPO	HMDB0001875	HMDBP00282	P05164	Unknown	HMDB
HMDB_GENE_METABOLITE:445|HMDB0000191	445	ASS1	HMDB0000191	HMDBP00656;HMDBP09114	P00966;Q5T6L4	Enzyme	HMDB
HMDB_GENE_METABOLITE:4837|HMDB0000699	4837	NNMT	HMDB0000699	HMDBP00423	P40261	Unknown	HMDB
HMDB_GENE_METABOLITE:5226|HMDB0000228	5226	PGD	HMDB0000228	HMDBP01039;HMDBP07405	P52209;A9Z1X1	Enzyme	HMDB
HMDB_GENE_METABOLITE:5243|HMDB0000036	5243	ABCB1	HMDB0000036	HMDBP02101	P08183	Transporter	HMDB
HMDB_GENE_METABOLITE:5243|HMDB0000619	5243	ABCB1	HMDB0000619	HMDBP02101	P08183	Transporter	HMDB
HMDB_GENE_METABOLITE:5468|HMDB0000039	5468	PPARG	HMDB0000039	HMDBP02173	P37231	Enzyme	HMDB
HMDB_GENE_METABOLITE:5566|HMDB0031206	5566	PRKACA	HMDB0031206	HMDBP01352	P17612	Unknown	HMDB
HMDB_GENE_METABOLITE:57016|HMDB0001881	57016	AKR1B10	HMDB0001881	HMDBP11606	O60218	Unknown	HMDB
HMDB_GENE_METABOLITE:57016|HMDB0002917	57016	AKR1B10	HMDB0002917	HMDBP11606	O60218	Unknown	HMDB
HMDB_GENE_METABOLITE:6554|HMDB0000036	6554	SLC10A1	HMDB0000036	HMDBP02550	Q14973	Transporter	HMDB
HMDB_GENE_METABOLITE:6554|HMDB0000467	6554	SLC10A1	HMDB0000467	HMDBP02550	Q14973	Transporter	HMDB
HMDB_GENE_METABOLITE:6554|HMDB0000518	6554	SLC10A1	HMDB0000518	HMDBP02550	Q14973	Transporter	HMDB
HMDB_GENE_METABOLITE:6554|HMDB0000619	6554	SLC10A1	HMDB0000619	HMDBP02550	Q14973	Transporter	HMDB
HMDB_GENE_METABOLITE:6554|HMDB0002497	6554	SLC10A1	HMDB0002497	HMDBP02550	Q14973	Transporter	HMDB
HMDB_GENE_METABOLITE:6580|HMDB0000036	6580	SLC22A1	HMDB0000036	HMDBP02574	O15245	Transporter	HMDB
HMDB_GENE_METABOLITE:6580|HMDB0001842	6580	SLC22A1	HMDB0001842	HMDBP02574	O15245	Transporter	HMDB
HMDB_GENE_METABOLITE:7124|HMDB0000039	7124	TNF	HMDB0000039	HMDBP02070	P01375	Enzyme	HMDB
HMDB_GENE_METABOLITE:7124|HMDB0000863	7124	TNF	HMDB0000863	HMDBP02070	P01375	Enzyme	HMDB
HMDB_GENE_METABOLITE:7412|HMDB0000108	7412	VCAM1	HMDB0000108	HMDBP02667	P19320	Enzyme	HMDB
HMDB_GENE_METABOLITE:760|HMDB0000294	760	CA2	HMDB0000294	HMDBP02058	P00918	Unknown	HMDB
HMDB_GENE_METABOLITE:847|HMDB0001875	847	CAT	HMDB0001875	HMDBP01582	P04040	Unknown	HMDB
HMDB_GENE_METABOLITE:8647|HMDB0000036	8647	ABCB11	HMDB0000036	HMDBP02052	O95342	Transporter	HMDB
HMDB_GENE_METABOLITE:8647|HMDB0000467	8647	ABCB11	HMDB0000467	HMDBP02052	O95342	Transporter	HMDB
HMDB_GENE_METABOLITE:8647|HMDB0000518	8647	ABCB11	HMDB0000518	HMDBP02052	O95342	Transporter	HMDB
HMDB_GENE_METABOLITE:8647|HMDB0000619	8647	ABCB11	HMDB0000619	HMDBP02052	O95342	Transporter	HMDB
HMDB_GENE_METABOLITE:8647|HMDB0002497	8647	ABCB11	HMDB0002497	HMDBP02052	O95342	Transporter	HMDB
HMDB_GENE_METABOLITE:873|HMDB0003366	873	CBR1	HMDB0003366	HMDBP00075	P16152	Enzyme	HMDB
HMDB_GENE_METABOLITE:873|HMDB0012157	873	CBR1	HMDB0012157	HMDBP00075	P16152	Enzyme	HMDB
HMDB_GENE_METABOLITE:873|HMDB0031243	873	CBR1	HMDB0031243	HMDBP00075	P16152	Enzyme	HMDB
HMDB_GENE_METABOLITE:9227|HMDB0000820	9227	LRAT	HMDB0000820	HMDBP01912	O95237	Enzyme	HMDB
HMDB_GENE_METABOLITE:9227|HMDB0000863	9227	LRAT	HMDB0000863	HMDBP01912	O95237	Enzyme	HMDB
HMDB_GENE_METABOLITE:9227|HMDB0004327	9227	LRAT	HMDB0004327	HMDBP01912	O95237	Enzyme	HMDB
HMDB_GENE_METABOLITE:9227|HMDB0006006	9227	LRAT	HMDB0006006	HMDBP01912	O95237	Enzyme	HMDB
HMDB_GENE_METABOLITE:9227|HMDB0013036	9227	LRAT	HMDB0013036	HMDBP01912	O95237	Enzyme	HMDB
HMDB_GENE_METABOLITE:9588|HMDB0000863	9588	PRDX6	HMDB0000863	HMDBP00281	P30041	Enzyme	HMDB
HMDB_GENE_METABOLITE:9588|HMDB0001875	9588	PRDX6	HMDB0001875	HMDBP00281	P30041	Enzyme	HMDB
