relationship_id	disease_id	disease_name	hmdb_id	source
HMDB_DISEASE_METABOLITE:UMLS:C0023890|HMDB0000036	UMLS:C0023890	Cirrhosis	HMDB0000036	HMDB
HMDB_DISEASE_METABOLITE:UMLS:C0023890|HMDB0000191	UMLS:C0023890	Cirrhosis	HMDB0000191	HMDB
HMDB_DISEASE_METABOLITE:UMLS:C0023890|HMDB0000222	UMLS:C0023890	Cirrhosis	HMDB0000222	HMDB
HMDB_DISEASE_METABOLITE:UMLS:C0023890|HMDB0000294	UMLS:C0023890	Cirrhosis	HMDB0000294	HMDB
HMDB_DISEASE_METABOLITE:UMLS:C0023890|HMDB0000306	UMLS:C0023890	Cirrhosis	HMDB0000306	HMDB
HMDB_DISEASE_METABOLITE:UMLS:C0023890|HMDB0000467	UMLS:C0023890	Cirrhosis	HMDB0000467	HMDB
HMDB_DISEASE_METABOLITE:UMLS:C0023890|HMDB0000518	UMLS:C0023890	Cirrhosis	HMDB0000518	HMDB
HMDB_DISEASE_METABOLITE:UMLS:C0023890|HMDB0000619	UMLS:C0023890	Cirrhosis	HMDB0000619	HMDB
HMDB_DISEASE_METABOLITE:UMLS:C0023890|HMDB0000673	UMLS:C0023890	Cirrhosis	HMDB0000673	HMDB
HMDB_DISEASE_METABOLITE:UMLS:C0023890|HMDB0000699	UMLS:C0023890	Cirrhosis	HMDB0000699	HMDB
HMDB_DISEASE_METABOLITE:UMLS:C0023890|HMDB0001842	UMLS:C0023890	Cirrhosis	HMDB0001842	HMDB
HMDB_DISEASE_METABOLITE:UMLS:C0023890|HMDB0001881	UMLS:C0023890	Cirrhosis	HMDB0001881	HMDB
HMDB_DISEASE_METABOLITE:UMLS:C0023890|HMDB0002497	UMLS:C0023890	Cirrhosis	HMDB0002497	HMDB
HMDB_DISEASE_METABOLITE:UMLS:C0023890|HMDB0002815	UMLS:C0023890	Cirrhosis	HMDB0002815	HMDB
HMDB_DISEASE_METABOLITE:UMLS:C0023890|HMDB0004825	UMLS:C0023890	Cirrhosis	HMDB0004825	HMDB
HMDB_DISEASE_METABOLITE:UMLS:C0023890|HMDB0010382	UMLS:C0023890	Cirrhosis	HMDB0010382	HMDB
HMDB_DISEASE_METABOLITE:UMLS:C0023890|HMDB0010384	UMLS:C0023890	Cirrhosis	HMDB0010384	HMDB
HMDB_DISEASE_METABOLITE:UMLS:C0023890|HMDB0010386	UMLS:C0023890	Cirrhosis	HMDB0010386	HMDB
HMDB_DISEASE_METABOLITE:UMLS:C0400966|HMDB0000039	UMLS:C0400966	Nonalcoholic fatty liver disease	HMDB0000039	HMDB
HMDB_DISEASE_METABOLITE:UMLS:C0400966|HMDB0000042	UMLS:C0400966	Nonalcoholic fatty liver disease	HMDB0000042	HMDB
HMDB_DISEASE_METABOLITE:UMLS:C0400966|HMDB0000108	UMLS:C0400966	Nonalcoholic fatty liver disease	HMDB0000108	HMDB
HMDB_DISEASE_METABOLITE:UMLS:C0400966|HMDB0000228	UMLS:C0400966	Nonalcoholic fatty liver disease	HMDB0000228	HMDB
HMDB_DISEASE_METABOLITE:UMLS:C0400966|HMDB0000820	UMLS:C0400966	Nonalcoholic fatty liver disease	HMDB0000820	HMDB
HMDB_DISEASE_METABOLITE:UMLS:C0400966|HMDB0000863	UMLS:C0400966	Nonalcoholic fatty liver disease	HMDB0000863	HMDB
HMDB_DISEASE_METABOLITE:UMLS:C0400966|HMDB0000990	UMLS:C0400966	Nonalcoholic fatty liver disease	HMDB0000990	HMDB
HMDB_DISEASE_METABOLITE:UMLS:C0400966|HMDB0001875	UMLS:C0400966	Nonalcoholic fatty liver disease	HMDB0001875	HMDB
HMDB_DISEASE_METABOLITE:UMLS:C0400966|HMDB0002303	UMLS:C0400966	Nonalcoholic fatty liver disease	HMDB0002303	HMDB
HMDB_DISEASE_METABOLITE:UMLS:C0400966|HMDB0003366	UMLS:C0400966	Nonalcoholic fatty liver disease	HMDB0003366	HMDB
HMDB_DISEASE_METABOLITE:UMLS:C0400966|HMDB0003375	UMLS:C0400966	Nonalcoholic fatty liver disease	HMDB0003375	HMDB
HMDB_DISEASE_METABOLITE:UMLS:C0400966|HMDB0004327	UMLS:C0400966	Nonalcoholic fatty liver disease	HMDB0004327	HMDB
HMDB_DISEASE_METABOLITE:UMLS:C0400966|HMDB0006006	UMLS:C0400966	Nonalcoholic fatty liver disease	HMDB0006006	HMDB
HMDB_DISEASE_METABOLITE:UMLS:C0400966|HMDB0012157	UMLS:C0400966	Nonalcoholic fatty liver disease	HMDB0012157	HMDB
HMDB_DISEASE_METABOLITE:UMLS:C0400966|HMDB0013036	UMLS:C0400966	Nonalcoholic fatty liver disease	HMDB0013036	HMDB
HMDB_DISEASE_METABOLITE:UMLS:C0400966|HMDB0031206	UMLS:C0400966	Nonalcoholic fatty liver disease	HMDB0031206	HMDB
HMDB_DISEASE_METABOLITE:UMLS:C0400966|HMDB0031243	UMLS:C0400966	Nonalcoholic fatty liver disease	HMDB0031243	HMDB
HMDB_DISEASE_METABOLITE:UMLS:C2239176|HMDB0000036	UMLS:C2239176	Hepatocellular carcinoma	HMDB0000036	HMDB
HMDB_DISEASE_METABOLITE:UMLS:C2239176|HMDB0000294	UMLS:C2239176	Hepatocellular carcinoma	HMDB0000294	HMDB
HMDB_DISEASE_METABOLITE:UMLS:C2239176|HMDB0000467	UMLS:C2239176	Hepatocellular carcinoma	HMDB0000467	HMDB
HMDB_DISEASE_METABOLITE:UMLS:C2239176|HMDB0000518	UMLS:C2239176	Hepatocellular carcinoma	HMDB0000518	HMDB
HMDB_DISEASE_METABOLITE:UMLS:C2239176|HMDB0002497	UMLS:C2239176	Hepatocellular carcinoma	HMDB0002497	HMDB
HMDB_DISEASE_METABOLITE:UMLS:C2239176|HMDB0002917	UMLS:C2239176	Hepatocellular carcinoma	HMDB0002917	HMDB
HMDB_DISEASE_METABOLITE:UMLS:C2239176|HMDB0010382	UMLS:C2239176	Hepatocellular carcinoma	HMDB0010382	HMDB
HMDB_DISEASE_METABOLITE:UMLS:C2239176|HMDB0010384	UMLS:C2239176	Hepatocellular carcinoma	HMDB0010384	HMDB
