gene_id	gene_symbol	gene_ensembl_ids	gene_ncbi_type	gene_protein_str_ids	gene_dsi	gene_dpi	gene_pli	gene_protein_class_ids	gene_protein_class_names	source
2	A2M	ENSG00000175899	protein-coding	P01023	0.497	0.875	9.1331e-20	DTO_05007584	Enzyme modulator	DisGeNET
51166	AADAT	ENSG00000109576	protein-coding	Q8N5Z0	0.614	0.792	0.45989	DTO_05007624	Enzyme	DisGeNET
5243	ABCB1	ENSG00000085563	protein-coding	P08183	0.377	0.875	1.7784e-05	DTO_05007405	Transporter	DisGeNET
8647	ABCB11	ENSG00000073734	protein-coding	O95342	0.556	0.792	9.0393e-15	DTO_05007405	Transporter	DisGeNET
5244	ABCB4	ENSG00000005471	protein-coding	P21439	0.494	0.792	1.6843e-08	DTO_05007405	Transporter	DisGeNET
1244	ABCC2	ENSG00000023839	protein-coding	Q92887	0.466	0.875	1.3868e-45	DTO_05007405	Transporter	DisGeNET
31	ACACA	ENSG00000278540	protein-coding	Q13085	0.514	0.833	1.0			DisGeNET
1636	ACE	ENSG00000159640	protein-coding	P12821	0.36	0.917	5.7955e-32	DTO_05007624	Enzyme	DisGeNET
11318	ACKR5	ENSG00000166856	protein-coding	O15218	0.509	0.875	0.32049	DTO_02300001	G-protein coupled receptor	DisGeNET
47	ACLY	ENSG00000131473	protein-coding	P53396	0.517	0.833	1.0	DTO_05007624	Enzyme	DisGeNET
50	ACO2	ENSG00000100412	protein-coding	Q99798	0.567	0.833	0.98042	DTO_05007624	Enzyme	DisGeNET
51	ACOX1	ENSG00000161533	protein-coding	Q15067	0.566	0.833	1.655e-05	DTO_05007624	Enzyme	DisGeNET
2182	ACSL4	ENSG00000068366	protein-coding	O60488	0.5	0.875		DTO_05007624	Enzyme	DisGeNET
59	ACTA2	ENSG00000107796	protein-coding	P62736	0.469	0.833	0.99422	DTO_05007530	Cellular structure	DisGeNET
60	ACTB	ENSG00000075624	protein-coding	P60709	0.458	0.875	1.0	DTO_05007530	Cellular structure	DisGeNET
9510	ADAMTS1	ENSG00000154734	protein-coding	Q9UHI8	0.496	0.833	1.0	DTO_05007624	Enzyme	DisGeNET
11093	ADAMTS13	ENSG00000160323	protein-coding	Q76LX8	0.467	0.875	9.3759e-30	DTO_05007624	Enzyme	DisGeNET
103	ADAR	ENSG00000160710	protein-coding	P55265	0.467	0.875	0.9997	DTO_05007624	Enzyme	DisGeNET
118	ADD1	ENSG00000087274	protein-coding	P35611	0.579	0.75	1.0	DTO_05007530	Cellular structure	DisGeNET
84873	ADGRG7	ENSG00000144820	protein-coding	Q96K78	0.714	0.625	1.4217e-15	DTO_02300001	G-protein coupled receptor	DisGeNET
127	ADH4	ENSG00000198099	protein-coding	P08319	0.6	0.792	1.79e-06	DTO_05007624	Enzyme	DisGeNET
9370	ADIPOQ	ENSG00000181092	protein-coding	Q15848	0.406	0.917	3.5736e-09			DisGeNET
79602	ADIPOR2	ENSG00000006831	protein-coding	Q86V24	0.558	0.833	0.17407	DTO_05007575	Receptor	DisGeNET
148	ADRA1A	ENSG00000120907	protein-coding	P35348	0.551	0.792	3.5799e-11	DTO_02300001	G-protein coupled receptor	DisGeNET
151	ADRA2B	ENSG00000274286	protein-coding	P18089	0.558	0.833	8.2996e-07	DTO_02300001	G-protein coupled receptor	DisGeNET
155	ADRB3	ENSG00000188778	protein-coding	P13945	0.518	0.875	2.7754e-16	DTO_02300001	G-protein coupled receptor	DisGeNET
174	AFP	ENSG00000081051	protein-coding	P02771	0.39	0.875	5.0742e-14	DTO_05007405	Transporter	DisGeNET
183	AGT	ENSG00000135744	protein-coding	P01019	0.39	0.875	1.6654e-08	DTO_05007584	Enzyme modulator	DisGeNET
191	AHCY	ENSG00000101444	protein-coding	P23526	0.555	0.833	0.00091412	DTO_05007624	Enzyme	DisGeNET
196	AHR	ENSG00000106546	protein-coding	P35869	0.401	0.917	0.0077533	DTO_05007542	Transcription factor	DisGeNET
10327	AKR1A1	ENSG00000117448	protein-coding	P14550	0.54	0.75	6.5462e-06	DTO_05007624	Enzyme	DisGeNET
57016	AKR1B10	ENSG00000198074	protein-coding	O60218	0.537	0.833	1.1815e-13	DTO_05007624	Enzyme	DisGeNET
1646	AKR1C2	ENSG00000151632	protein-coding	P52895	0.586	0.708	8.7374e-07	DTO_05007624	Enzyme	DisGeNET
207	AKT1	ENSG00000142208	protein-coding	P31749	0.312	0.917	0.99533	DTO_03300101	Kinase	DisGeNET
210	ALAD	ENSG00000148218	protein-coding	P13716	0.561	0.833	0.096041	DTO_05007624	Enzyme	DisGeNET
213	ALB	ENSG00000163631	protein-coding	P02768	0.325	0.917	0.10648	DTO_05007405	Transporter	DisGeNET
216	ALDH1A1	ENSG00000165092	protein-coding	P00352	0.46	0.875	0.87258	DTO_05007624	Enzyme	DisGeNET
219	ALDH1B1	ENSG00000137124	protein-coding	P30837	0.616	0.75	3.5988e-06	DTO_05007624	Enzyme	DisGeNET
217	ALDH2	ENSG00000111275	protein-coding	P05091	0.428	0.875	5.8061e-11	DTO_05007624	Enzyme	DisGeNET
8659	ALDH4A1	ENSG00000159423	protein-coding	P30038	0.631	0.708	2.0046e-11			DisGeNET
60529	ALX4	ENSG00000052850	protein-coding	Q9H161	0.522	0.792	3.2353e-05			DisGeNET
83854	ANGPTL6	ENSG00000130812	protein-coding	Q8NI99	0.613	0.625	1.7992e-16	DTO_05007599	Signaling	DisGeNET
203286	ANKS6	ENSG00000165138	protein-coding	Q68DC2	0.655	0.5	4.0676e-10			DisGeNET
54443	ANLN	ENSG00000011426	protein-coding	Q9NQW6	0.563	0.667	0.075234			DisGeNET
307	ANXA4	ENSG00000196975	protein-coding	P09525	0.549	0.833	2.7883e-08			DisGeNET
324	APC	ENSG00000134982	protein-coding	P25054	0.38	0.875	1.0			DisGeNET
325	APCS	ENSG00000132703	protein-coding	P02743	0.517	0.833	0.020826			DisGeNET
328	APEX1	ENSG00000100823	protein-coding	P27695	0.469	0.833	1.0883e-10			DisGeNET
8862	APLN	ENSG00000171388	protein-coding	Q9ULZ1	0.462	0.875				DisGeNET
335	APOA1	ENSG00000118137	protein-coding	P02647	0.395	0.875	5.2702e-07			DisGeNET
345	APOC3	ENSG00000110245	protein-coding	P02656	0.492	0.792	0.0012245			DisGeNET
319	APOF	ENSG00000175336	protein-coding	Q13790	0.703	0.458	0.035111			DisGeNET
350	APOH	ENSG00000091583	protein-coding	P02749	0.505	0.875	3.0387e-19			DisGeNET
367	AR	ENSG00000169083	protein-coding	P10275	0.361	0.917		DTO_00102000	Nuclear receptor	DisGeNET
383	ARG1	ENSG00000118520	protein-coding	P05089	0.433	0.875	0.0002335	DTO_05007624	Enzyme	DisGeNET
9824	ARHGAP11A	ENSG00000198826	protein-coding	Q6P4F7	0.719	0.375	1.1469e-06			DisGeNET
84904	ARHGEF39	ENSG00000137135	protein-coding	Q8N4T4	0.756	0.458	1.1373e-15			DisGeNET
8289	ARID1A	ENSG00000117713	protein-coding	O14497	0.434	0.875	1.0			DisGeNET
57492	ARID1B	ENSG00000049618	protein-coding	Q8NFD5	0.477	0.875	1.0			DisGeNET
196528	ARID2	ENSG00000189079	protein-coding	Q68CP9	0.517	0.833	1.0			DisGeNET
1820	ARID3A	ENSG00000116017	protein-coding	Q99856	0.631	0.625	0.99826	DTO_05007557	Nucleic acid binding	DisGeNET
405	ARNT	ENSG00000143437	protein-coding	P27540	0.537	0.833	1.0	DTO_05007542	Transcription factor	DisGeNET
408	ARRB1	ENSG00000137486	protein-coding	P49407	0.524	0.917	0.1458	DTO_05007584	Enzyme modulator	DisGeNET
409	ARRB2	ENSG00000141480	protein-coding	P32121	0.507	0.875	0.5899	DTO_05007584	Enzyme modulator	DisGeNET
55723	ASF1B	ENSG00000105011	protein-coding	Q9NVP2	0.64	0.625	0.024129	DTO_05007557	Nucleic acid binding	DisGeNET
374569	ASPG	ENSG00000166183	protein-coding	Q86U10	0.62	0.625	9.368e-18			DisGeNET
259266	ASPM	ENSG00000066279	protein-coding	Q8IZT6	0.535	0.792	2.823e-55			DisGeNET
445	ASS1	ENSG00000130707	protein-coding	P00966	0.517	0.875	1.3731e-18	DTO_05007624	Enzyme	DisGeNET
9474	ATG5	ENSG00000057663	protein-coding	Q9H1Y0	0.462	0.875	0.31566	DTO_05007405	Transporter	DisGeNET
10533	ATG7	ENSG00000197548	protein-coding	O95352	0.473	0.875	1.5409e-17	DTO_05007624	Enzyme	DisGeNET
472	ATM	ENSG00000149311	protein-coding	Q13315	0.382	0.875	1.2568e-69	DTO_03300101	Kinase	DisGeNET
506	ATP5F1B	ENSG00000110955	protein-coding	P06576	0.591	0.792	0.91606	DTO_05007405	Transporter	DisGeNET
10476	ATP5PD	ENSG00000167863	protein-coding	O75947	0.763	0.375	0.0076884	DTO_05007405	Transporter	DisGeNET
540	ATP7B	ENSG00000123191	protein-coding	P35670	0.485	0.875	9.8747e-36	DTO_05007405	Transporter	DisGeNET
6790	AURKA	ENSG00000087586	protein-coding	O14965	0.442	0.875	0.9314	DTO_03300101	Kinase	DisGeNET
9212	AURKB	ENSG00000178999	protein-coding	Q96GD4	0.5	0.875	1.5082e-07	DTO_03300101	Kinase	DisGeNET
8312	AXIN1	ENSG00000103126	protein-coding	O15169	0.5	0.792	0.16001			DisGeNET
51582	AZIN1	ENSG00000155096	protein-coding	O14977	0.677	0.583	0.99976	DTO_05007624	Enzyme	DisGeNET
27087	B3GAT1	ENSG00000109956	protein-coding	Q9P2W7	0.469	0.917	0.1115	DTO_05007624	Enzyme	DisGeNET
25805	BAMBI	ENSG00000095739	protein-coding	Q13145	0.606	0.75	2.4233e-07			DisGeNET
598	BCL2L1	ENSG00000171552	protein-coding	Q07817	0.413	0.833	0.99922	DTO_05007599	Signaling	DisGeNET
83875	BCO2	ENSG00000197580	protein-coding	Q9BYV7	0.692	0.458	7.8426e-13			DisGeNET
637	BID	ENSG00000015475	protein-coding	P55957	0.544	0.792	1.3941e-07			DisGeNET
330	BIRC3	ENSG00000023445	protein-coding	Q13489	0.489	0.833	0.81116	DTO_05007584	Enzyme modulator	DisGeNET
332	BIRC5	ENSG00000089685	protein-coding	O15392	0.391	0.833	0.056967	DTO_05007584	Enzyme modulator	DisGeNET
648	BMI1	ENSG00000168283	protein-coding	P35226	0.458	0.833	0.99929			DisGeNET
168667	BMPER	ENSG00000164619	protein-coding	Q8N8U9	0.553	0.833	7.8743e-06	DTO_05007584	Enzyme modulator	DisGeNET
673	BRAF	ENSG00000157764	protein-coding	P15056	0.327	0.875	1.0	DTO_03300101	Kinase	DisGeNET
682	BSG	ENSG00000172270	protein-coding	P35613	0.435	0.875	1.1312e-12			DisGeNET
7832	BTG2	ENSG00000159388	protein-coding	P78543	0.522	0.833	0.0050452			DisGeNET
699	BUB1	ENSG00000169679	protein-coding	O43683	0.5	0.833	6.9561e-13	DTO_03300101	Kinase	DisGeNET
701	BUB1B	ENSG00000156970	protein-coding	O60566	0.498	0.833	2.4221e-14	DTO_03300101	Kinase	DisGeNET
400258	C14orf180	ENSG00000184601	protein-coding	Q8N912	0.899	0.167	1.8714e-05			DisGeNET
713	C1QB	ENSG00000173369	protein-coding	P02746	0.587	0.833	0.24867			DisGeNET
714	C1QC	ENSG00000159189	protein-coding	P02747	0.602	0.792	0.017695			DisGeNET
727	C5	ENSG00000106804	protein-coding	P01031	0.532	0.833	7.3456e-17	DTO_05007584	Enzyme modulator	DisGeNET
735	C9	ENSG00000113600	protein-coding	P02748	0.602	0.792	4.724e-12			DisGeNET
760	CA2	ENSG00000104267	protein-coding	P00918	0.496	0.875	3.8994e-08			DisGeNET
51719	CAB39	ENSG00000135932	protein-coding	Q9Y376	0.664	0.583	0.67376	DTO_05007616	Calcium-binding protein	DisGeNET
811	CALR	ENSG00000179218	protein-coding	P27797	0.442	0.875	0.99964	DTO_05007616	Calcium-binding protein	DisGeNET
10486	CAP2	ENSG00000112186	protein-coding	P40123	0.655	0.708	0.0030456	DTO_05007530	Cellular structure	DisGeNET
841	CASP8	ENSG00000064012	protein-coding	Q14790	0.42	0.875	0.012308	DTO_05007624	Enzyme	DisGeNET
847	CAT	ENSG00000121691	protein-coding	P04040	0.389	0.958	1.6098e-08	DTO_05007624	Enzyme	DisGeNET
873	CBR1	ENSG00000159228	protein-coding	P16152	0.542	0.792	6.2318e-05			DisGeNET
8535	CBX4	ENSG00000141582	protein-coding	O00257	0.557	0.792	0.98756			DisGeNET
147372	CCBE1	ENSG00000183287	protein-coding	Q6UXH8	0.568	0.875	2.2555e-08	DTO_05007616	Calcium-binding protein	DisGeNET
6347	CCL2	ENSG00000108691	protein-coding	P13500	0.325	0.917	0.098507	DTO_05007599	Signaling	DisGeNET
6348	CCL3	ENSG00000277632	protein-coding	P10147	0.447	0.875	0.0047784	DTO_05007599	Signaling	DisGeNET
6352	CCL5	ENSG00000271503	protein-coding	P13501	0.383	0.917	0.14578	DTO_05007599	Signaling	DisGeNET
3491	CCN1	ENSG00000142871	protein-coding	O00622	0.475	0.833	0.97461	DTO_05007599	Signaling	DisGeNET
1490	CCN2	ENSG00000118523	protein-coding	P29279	0.41	0.875	2.6587e-06	DTO_05007599	Signaling	DisGeNET
8900	CCNA1	ENSG00000133101	protein-coding	P78396	0.569	0.75	0.45741	DTO_05007584	Enzyme modulator	DisGeNET
891	CCNB1	ENSG00000134057	protein-coding	P14635	0.478	0.833	0.0035287	DTO_05007584	Enzyme modulator	DisGeNET
9133	CCNB2	ENSG00000157456	protein-coding	O95067	0.558	0.75	8.7425e-10	DTO_05007584	Enzyme modulator	DisGeNET
595	CCND1	ENSG00000110092	protein-coding	P24385	0.348	0.875	0.71899	DTO_05007584	Enzyme modulator	DisGeNET
894	CCND2	ENSG00000118971	protein-coding	P30279	0.467	0.833	0.99932	DTO_05007584	Enzyme modulator	DisGeNET
898	CCNE1	ENSG00000105173	protein-coding	P24864	0.44	0.792	0.99996	DTO_05007584	Enzyme modulator	DisGeNET
899	CCNF	ENSG00000162063	protein-coding	P41002	0.616	0.875	0.69786	DTO_05007584	Enzyme modulator	DisGeNET
900	CCNG1	ENSG00000113328	protein-coding	P51959	0.571	0.75	0.64673	DTO_05007584	Enzyme modulator	DisGeNET
1230	CCR1	ENSG00000163823	protein-coding	P32246	0.428	0.875	0.12138	DTO_02300001	G-protein coupled receptor	DisGeNET
729230	CCR2	ENSG00000121807	protein-coding	P41597	0.417	0.875	0.048059	DTO_02300001	G-protein coupled receptor	DisGeNET
929	CD14	ENSG00000170458	protein-coding	P08571	0.377	0.917	0.0029347			DisGeNET
9332	CD163	ENSG00000177575	protein-coding	Q86VB7	0.391	0.917	0.00050078	DTO_05007624	Enzyme	DisGeNET
29126	CD274	ENSG00000120217	protein-coding	Q9NZQ7	0.322	0.875	0.98199	DTO_05007575	Receptor	DisGeNET
80381	CD276	ENSG00000103855	protein-coding	Q5ZPR3	0.483	0.833	4.2012e-08	DTO_05007584	Enzyme modulator	DisGeNET
947	CD34	ENSG00000174059	protein-coding	P28906	0.35	0.875	1.0605e-10			DisGeNET
922	CD5L	ENSG00000073754	protein-coding	O43866	0.596	0.75	2.3292e-12	DTO_05007624	Enzyme	DisGeNET
928	CD9	ENSG00000010278	protein-coding	P21926	0.465	0.875	0.93215			DisGeNET
991	CDC20	ENSG00000117399	protein-coding	Q12834	0.53	0.708	2.3215e-05	DTO_05007584	Enzyme modulator	DisGeNET
995	CDC25C	ENSG00000158402	protein-coding	P30307	0.575	0.792	2.468e-08	DTO_05007624	Enzyme	DisGeNET
8318	CDC45	ENSG00000093009	protein-coding	O75419	0.556	0.833	6.4831e-08	DTO_05007557	Nucleic acid binding	DisGeNET
990	CDC6	ENSG00000094804	protein-coding	Q99741	0.529	0.792	4.0175e-10			DisGeNET
157313	CDCA2	ENSG00000184661	protein-coding	Q69YH5	0.622	0.75	9.2152e-07			DisGeNET
83461	CDCA3	ENSG00000111665	protein-coding	Q99618	0.595	0.667	0.0038648			DisGeNET
113130	CDCA5	ENSG00000146670	protein-coding	Q96FF9	0.544	0.875	0.0041269			DisGeNET
55143	CDCA8	ENSG00000134690	protein-coding	Q53HL2	0.601	0.625	0.00054256			DisGeNET
999	CDH1	ENSG00000039068	protein-coding	P12830	0.354	0.875	0.85165			DisGeNET
1012	CDH13	ENSG00000140945	protein-coding	P55290	0.476	0.875	0.99802			DisGeNET
983	CDK1	ENSG00000170312	protein-coding	P06493	0.461	0.875	0.90393	DTO_03300101	Kinase	DisGeNET
8621	CDK13	ENSG00000065883	protein-coding	Q14004	0.562	0.75	0.99987	DTO_03300101	Kinase	DisGeNET
5218	CDK14	ENSG00000058091	protein-coding	O94921	0.606	0.75	0.00064905	DTO_03300101	Kinase	DisGeNET
1019	CDK4	ENSG00000135446	protein-coding	P11802	0.423	0.833	0.5637	DTO_03300101	Kinase	DisGeNET
1027	CDKN1B	ENSG00000111276	protein-coding	P46527	0.412	0.917	0.24156			DisGeNET
1029	CDKN2A	ENSG00000147889	protein-coding	Q8N726;P42771	0.312	0.875	0.61755			DisGeNET
1030	CDKN2B	ENSG00000147883	protein-coding	P42772	0.427	0.875	0.00055537			DisGeNET
1031	CDKN2C	ENSG00000123080	protein-coding	P42773	0.536	0.708	0.21407			DisGeNET
1033	CDKN3	ENSG00000100526	protein-coding	Q16667	0.541	0.833	0.38793			DisGeNET
81620	CDT1	ENSG00000167513	protein-coding	Q9H211	0.562	0.792	1.1791e-28			DisGeNET
1050	CEBPA	ENSG00000245848	protein-coding	P49715	0.479	0.792	0.26045	DTO_05007542	Transcription factor	DisGeNET
1051	CEBPB	ENSG00000172216	protein-coding	P17676	0.461	0.875	0.15446	DTO_05007542	Transcription factor	DisGeNET
1052	CEBPD	ENSG00000221869	protein-coding	P49716	0.553	0.792	0.59369	DTO_05007542	Transcription factor	DisGeNET
1951	CELSR3	ENSG00000008300	protein-coding	Q9NYQ7	0.648	0.583	1.0	DTO_02300001	G-protein coupled receptor	DisGeNET
1058	CENPA	ENSG00000115163	protein-coding	P49450	0.575	0.667	0.317			DisGeNET
1060	CENPC	ENSG00000145241	protein-coding	Q03188	0.714	0.625	2.5454e-05	DTO_05007557	Nucleic acid binding	DisGeNET
1062	CENPE	ENSG00000138778	protein-coding	Q02224	0.555	0.833	0.99954	DTO_05007530	Cellular structure	DisGeNET
1063	CENPF	ENSG00000117724	protein-coding	P49454	0.541	0.875	9.4103e-40			DisGeNET
79019	CENPM	ENSG00000100162	protein-coding	Q9NSP4	0.648	0.5	0.00060071			DisGeNET
79682	CENPU	ENSG00000151725	protein-coding	Q71F23	0.646	0.542	1.4683e-06			DisGeNET
387103	CENPW	ENSG00000203760	protein-coding	Q5EE01	0.719	0.417	0.87806			DisGeNET
22994	CEP131	ENSG00000141577	protein-coding	Q9UPN4	0.706	0.542	1.5256e-28			DisGeNET
22897	CEP164	ENSG00000110274	protein-coding	Q9UPV0	0.64	0.708	2.851e-45			DisGeNET
55165	CEP55	ENSG00000138180	protein-coding	Q53EZ4	0.546	0.75	7.1439e-16			DisGeNET
5199	CFP	ENSG00000126759	protein-coding	P27918	0.584	0.833				DisGeNET
8208	CHAF1B	ENSG00000159259	protein-coding	Q13112	0.65	0.583	1.0	DTO_05007557	Nucleic acid binding	DisGeNET
1131	CHRM3	ENSG00000133019	protein-coding	P20309	0.506	0.875	0.99942	DTO_02300001	G-protein coupled receptor	DisGeNET
150468	CKAP2L	ENSG00000169607	protein-coding	Q8IYA6	0.606	0.625	0.00013637			DisGeNET
51266	CLEC1B	ENSG00000165682	protein-coding	Q9P126	0.594	0.75	1.8382e-10			DisGeNET
339390	CLEC4G	ENSG00000182566	protein-coding	Q6UXB4	0.714	0.417	5.1881e-11	DTO_05007575	Receptor	DisGeNET
10332	CLEC4M	ENSG00000104938	protein-coding	Q9H2X3	0.644	0.542	3.6511e-05	DTO_05007575	Receptor	DisGeNET
81037	CLPTM1L	ENSG00000049656	protein-coding	Q96KA5	0.553	0.75	7.718e-07	DTO_05007624	Enzyme	DisGeNET
57393	CLTRN	ENSG00000147003	protein-coding	Q9HBJ8	0.659	0.667				DisGeNET
84735	CNDP1	ENSG00000150656	protein-coding	Q96KN2	0.62	0.75	7.3767e-10	DTO_05007624	Enzyme	DisGeNET
1268	CNR1	ENSG00000118432	protein-coding	P21554	0.458	0.875	0.31479	DTO_02300001	G-protein coupled receptor	DisGeNET
1269	CNR2	ENSG00000188822	protein-coding	P34972	0.467	0.917	0.052862	DTO_02300001	G-protein coupled receptor	DisGeNET
85445	CNTNAP4	ENSG00000152910	protein-coding	Q9C0A0	0.669	0.5	8.3334e-17			DisGeNET
22837	COBLL1	ENSG00000082438	protein-coding	Q53SF7	0.619	0.833	0.00031754			DisGeNET
1306	COL15A1	ENSG00000204291	protein-coding	P39059	0.63	0.792	5.6451e-17			DisGeNET
1277	COL1A1	ENSG00000108821	protein-coding	P02452	0.395	0.875	1.0			DisGeNET
1278	COL1A2	ENSG00000164692	protein-coding	P08123	0.445	0.875	1.0			DisGeNET
1281	COL3A1	ENSG00000168542	protein-coding	P02461	0.451	0.875	1.0			DisGeNET
1290	COL5A2	ENSG00000204262	protein-coding	P05997	0.531	0.792	1.0			DisGeNET
10584	COLEC10	ENSG00000184374	protein-coding	Q9Y6Z7	0.583	0.875	0.0053835	DTO_05007697	Surfactant	DisGeNET
150684	COMMD1	ENSG00000173163	protein-coding	Q8N668	0.625	0.708	0.0081054			DisGeNET
1312	COMT	ENSG00000093010	protein-coding	P21964	0.413	0.917	0.00049511	DTO_05007624	Enzyme	DisGeNET
10987	COPS5	ENSG00000121022	protein-coding	Q92905	0.54	0.833	0.99999	DTO_05007624	Enzyme	DisGeNET
170712	COX7B2	ENSG00000170516	protein-coding	Q8TF08	0.787	0.5	0.12407			DisGeNET
1356	CP	ENSG00000047457	protein-coding	P00450	0.477	0.875	4.7415e-07	DTO_05007624	Enzyme	DisGeNET
22849	CPEB3	ENSG00000107864	protein-coding	Q8NE35	0.64	0.625	0.59532	DTO_05007557	Nucleic acid binding	DisGeNET
1374	CPT1A	ENSG00000110090	protein-coding	P50416	0.519	0.875	2.6738e-09	DTO_05007624	Enzyme	DisGeNET
1393	CRHBP	ENSG00000145708	protein-coding	P24387	0.631	0.667	0.0044795	DTO_05007599	Signaling	DisGeNET
1401	CRP	ENSG00000132693	protein-coding	P02741	0.278	0.958	0.0005414			DisGeNET
1436	CSF1R	ENSG00000182578	protein-coding	P07333	0.429	0.875	0.97417	DTO_03300101	Kinase	DisGeNET
1437	CSF2	ENSG00000164400	protein-coding	P04141	0.356	0.917	0.8531	DTO_05007599	Signaling	DisGeNET
64478	CSMD1	ENSG00000183117	protein-coding	Q96PZ7	0.511	0.875	2.9798e-19			DisGeNET
1464	CSPG4	ENSG00000173546	protein-coding	Q6UVK1	0.509	0.833	3.3792e-12			DisGeNET
64651	CSRNP1	ENSG00000144655	protein-coding	Q96S65	0.719	0.542	0.7717			DisGeNET
1493	CTLA4	ENSG00000163599	protein-coding	P16410	0.366	0.875	0.99828			DisGeNET
1499	CTNNB1	ENSG00000168036	protein-coding	P35222	0.304	0.875	1.0			DisGeNET
1509	CTSD	ENSG00000117984	protein-coding	P07339	0.451	0.875	1.4562e-06	DTO_05007624	Enzyme	DisGeNET
6387	CXCL12	ENSG00000107562	protein-coding	P48061	0.375	0.917	0.19731			DisGeNET
9547	CXCL14	ENSG00000145824	protein-coding	O95715	0.491	0.875	0.020873			DisGeNET
3576	CXCL8	ENSG00000169429	protein-coding	P10145	0.298	0.958	0.003713	DTO_05007599	Signaling	DisGeNET
1535	CYBA	ENSG00000051523	protein-coding	P13498	0.508	0.833	2.5483e-10			DisGeNET
1540	CYLD	ENSG00000083799	protein-coding	Q9NQC7	0.513	0.833	1.0	DTO_05007624	Enzyme	DisGeNET
1586	CYP17A1	ENSG00000148795	protein-coding	P05093	0.486	0.833	1.967e-07			DisGeNET
1543	CYP1A1	ENSG00000140465	protein-coding	P04798	0.43	0.875	8.9759e-18	DTO_05007624	Enzyme	DisGeNET
1544	CYP1A2	ENSG00000140505	protein-coding	P05177	0.485	0.875	9.0758e-13	DTO_05007624	Enzyme	DisGeNET
1593	CYP27A1	ENSG00000135929	protein-coding	Q02318	0.442	0.833	1.8592e-15	DTO_05007624	Enzyme	DisGeNET
1555	CYP2B6	ENSG00000197408	protein-coding	P20813	0.498	0.833	2.1405e-10			DisGeNET
1557	CYP2C19	ENSG00000165841	protein-coding	P33261	0.461	0.917	4.4942e-22			DisGeNET
1558	CYP2C8	ENSG00000138115	protein-coding	P10632	0.54	0.833	1.8757e-21			DisGeNET
1571	CYP2E1	ENSG00000130649	protein-coding	P05181	0.469	0.833	1.2359e-07			DisGeNET
120227	CYP2R1	ENSG00000186104	protein-coding	Q6VVX0	0.55	0.833	2.4652e-12			DisGeNET
51302	CYP39A1	ENSG00000146233	protein-coding	Q9NYL5	0.662	0.667	1.7322e-07			DisGeNET
1621	DBH	ENSG00000123454	protein-coding	P09172	0.52	0.875	9.2071e-13			DisGeNET
1634	DCN	ENSG00000011465	protein-coding	P07585	0.461	0.833	0.13978			DisGeNET
55635	DEPDC1	ENSG00000024526	protein-coding	Q5TB30	0.63	0.5	2.5325e-11	DTO_05007557	Nucleic acid binding	DisGeNET
55789	DEPDC1B	ENSG00000035499	protein-coding	Q8WUY9	0.637	0.625	7.1496e-11	DTO_05007557	Nucleic acid binding	DisGeNET
9681	DEPDC5	ENSG00000100150	protein-coding	O75140	0.526	0.75	1.0	DTO_05007557	Nucleic acid binding	DisGeNET
84649	DGAT2	ENSG00000062282	protein-coding	Q96PD7	0.657	0.583	2.3818e-08	DTO_05007624	Enzyme	DisGeNET
1717	DHCR7	ENSG00000172893	protein-coding	Q9UBM7	0.493	0.833	1.1212e-12	DTO_05007624	Enzyme	DisGeNET
23405	DICER1	ENSG00000100697	protein-coding	Q9UPY3	0.425	0.833	1.0	DTO_05007624	Enzyme	DisGeNET
79742	DIPK2B	ENSG00000147113	protein-coding	Q9H7Y0	0.851	0.292				DisGeNET
9077	DIRAS3	ENSG00000162595	protein-coding	O95661	0.633	0.5	0.34084	DTO_05007584	Enzyme modulator	DisGeNET
9787	DLGAP5	ENSG00000126787	protein-coding	Q15398	0.591	0.708	4.0646e-23	DTO_05007575	Receptor	DisGeNET
9829	DNAJC6	ENSG00000116675	protein-coding	O75061	0.6	0.75	0.99999			DisGeNET
1776	DNASE1L3	ENSG00000163687	protein-coding	Q13609	0.52	0.833	5.5143e-08			DisGeNET
1806	DPYD	ENSG00000188641	protein-coding	Q12882	0.47	0.875	5.5849e-30	DTO_05007624	Enzyme	DisGeNET
1815	DRD4	ENSG00000069696	protein-coding	P21917	0.511	0.833	7.0522e-14	DTO_02300001	G-protein coupled receptor	DisGeNET
51514	DTL	ENSG00000143476	protein-coding	Q9NZJ0	0.595	0.75	0.010213			DisGeNET
1869	E2F1	ENSG00000101412	protein-coding	Q01094	0.441	0.875	0.99922	DTO_05007557	Nucleic acid binding	DisGeNET
79733	E2F8	ENSG00000129173	protein-coding	A0AVK6	0.62	0.5	0.41839	DTO_05007557	Nucleic acid binding	DisGeNET
55840	EAF2	ENSG00000145088	protein-coding	Q96CJ1	0.669	0.625	0.00011521			DisGeNET
1893	ECM1	ENSG00000143369	protein-coding	Q16610	0.529	0.833	3.6943e-17			DisGeNET
1894	ECT2	ENSG00000114346	protein-coding	Q9H8V3	0.612	0.667	0.00014954			DisGeNET
9343	EFTUD2	ENSG00000108883	protein-coding	Q15029	0.566	0.792	1.0	DTO_05007624	Enzyme	DisGeNET
1950	EGF	ENSG00000138798	protein-coding	P01133	0.358	0.917	1.2301e-17			DisGeNET
1956	EGFR	ENSG00000146648	protein-coding	P00533	0.293	0.875	0.98131	DTO_03300101	Kinase	DisGeNET
1958	EGR1	ENSG00000120738	protein-coding	P18146	0.428	0.917	0.99377	DTO_05007557	Nucleic acid binding	DisGeNET
1959	EGR2	ENSG00000122877	protein-coding	P11161	0.523	0.833	0.9969	DTO_05007557	Nucleic acid binding	DisGeNET
30845	EHD3	ENSG00000013016	protein-coding	Q9NZN3	0.77	0.333	0.6087	DTO_05007584	Enzyme modulator	DisGeNET
27102	EIF2AK1	ENSG00000086232	protein-coding	Q9BQI3	0.63	0.792	2.163e-11	DTO_03300101	Kinase	DisGeNET
8667	EIF3H	ENSG00000147677	protein-coding	O15372	0.65	0.583	6.8943e-05	DTO_05007624	Enzyme	DisGeNET
2023	ENO1	ENSG00000074800	protein-coding	P06733	0.475	0.875	9.131e-08	DTO_05007624	Enzyme	DisGeNET
2034	EPAS1	ENSG00000116016	protein-coding	Q99814	0.444	0.875	1.0	DTO_05007542	Transcription factor	DisGeNET
2052	EPHX1	ENSG00000143819	protein-coding	P07099	0.519	0.833	1.6362e-12			DisGeNET
2056	EPO	ENSG00000130427	protein-coding	P01588	0.395	0.875	0.02674			DisGeNET
79574	EPS8L3	ENSG00000198758	protein-coding	Q8TE67	0.703	0.5	4.8217e-24	DTO_05007575	Receptor	DisGeNET
2066	ERBB4	ENSG00000178568	protein-coding	Q15303	0.442	0.875	1.0	DTO_03300101	Kinase	DisGeNET
2068	ERCC2	ENSG00000104884	protein-coding	P18074	0.435	0.875	6.4219e-28	DTO_05007624	Enzyme	DisGeNET
2069	EREG	ENSG00000124882	protein-coding	O14944	0.524	0.75	4.6327e-06	DTO_05007599	Signaling	DisGeNET
2081	ERN1	ENSG00000178607	protein-coding	O75460	0.484	0.833	0.95102	DTO_03300101	Kinase	DisGeNET
10961	ERP29	ENSG00000089248	protein-coding	P30040	0.644	0.625	0.0014145	DTO_05007405	Transporter	DisGeNET
11082	ESM1	ENSG00000164283	protein-coding	Q9NQ30	0.48	0.875	0.15374			DisGeNET
2099	ESR1	ENSG00000091831	protein-coding	P03372	0.335	0.917	0.99791	DTO_00102000	Nuclear receptor	DisGeNET
2108	ETFA	ENSG00000140374	protein-coding	P13804	0.617	0.542	0.0029637	DTO_05007624	Enzyme	DisGeNET
9156	EXO1	ENSG00000174371	protein-coding	Q9UQ84	0.572	0.792	4.4572e-15	DTO_05007624	Enzyme	DisGeNET
2146	EZH2	ENSG00000106462	protein-coding	Q15910	0.379	0.917	1.0	DTO_05007378	Epigenetic regulator	DisGeNET
2147	F2	ENSG00000180210	protein-coding	P00734	0.407	0.875	0.14962	DTO_05007624	Enzyme	DisGeNET
2149	F2R	ENSG00000181104	protein-coding	P25116	0.435	0.875	0.0070568	DTO_02300001	G-protein coupled receptor	DisGeNET
2152	F3	ENSG00000117525	protein-coding	P13726	0.437	0.875	0.0016438	DTO_05007575	Receptor	DisGeNET
2153	F5	ENSG00000198734	protein-coding	P12259	0.443	0.875	4.7367e-24	DTO_05007624	Enzyme	DisGeNET
2171	FABP5	ENSG00000164687	protein-coding	Q01469	0.506	0.875	0.4513			DisGeNET
389558	FAM180A	ENSG00000189320	protein-coding	Q6UWF9	0.851	0.208	6.733e-05			DisGeNET
81610	FAM83D	ENSG00000101447	protein-coding	Q9H4H8	0.662	0.458	3.3088e-11			DisGeNET
2177	FANCD2	ENSG00000144554	protein-coding	Q9BXW9	0.474	0.875	2.6036e-19			DisGeNET
55215	FANCI	ENSG00000140525	protein-coding	Q9NVI1	0.507	0.833	8.029e-36			DisGeNET
10056	FARSB	ENSG00000116120	protein-coding	Q9NSD9	0.613	0.667	0.0073579	DTO_05007624	Enzyme	DisGeNET
355	FAS	ENSG00000026103	protein-coding	P25445	0.358	0.875	0.99961			DisGeNET
2194	FASN	ENSG00000169710	protein-coding	P49327	0.448	0.875	1.0	DTO_05007624	Enzyme	DisGeNET
2200	FBN1	ENSG00000166147	protein-coding	P35555	0.409	0.792	1.0	DTO_05007616	Calcium-binding protein	DisGeNET
2203	FBP1	ENSG00000165140	protein-coding	P09467	0.548	0.792	1.4098e-07	DTO_05007624	Enzyme	DisGeNET
80028	FBXL18	ENSG00000155034	protein-coding	Q96ME1	0.633	0.583	2.2193e-11			DisGeNET
2222	FDFT1	ENSG00000079459	protein-coding	P37268	0.555	0.833	1.4184e-26			DisGeNET
2242	FES	ENSG00000182511	protein-coding	P07332	0.576	0.667	7.838e-23	DTO_03300101	Kinase	DisGeNET
9965	FGF19	ENSG00000162344	protein-coding	O95750	0.48	0.875	0.0030084	DTO_05007599	Signaling	DisGeNET
2247	FGF2	ENSG00000138685	protein-coding	P09038	0.347	0.875	0.011816	DTO_05007599	Signaling	DisGeNET
26291	FGF21	ENSG00000105550	protein-coding	Q9NSA1	0.433	0.875	1.5619e-05	DTO_05007599	Signaling	DisGeNET
2248	FGF3	ENSG00000186895	protein-coding	P11487	0.511	0.792	0.0015732	DTO_05007599	Signaling	DisGeNET
2249	FGF4	ENSG00000075388	protein-coding	P08620	0.511	0.875	0.001756	DTO_05007599	Signaling	DisGeNET
2252	FGF7	ENSG00000140285	protein-coding	P21781	0.488	0.833	0.83576	DTO_05007599	Signaling	DisGeNET
2260	FGFR1	ENSG00000077782	protein-coding	P11362	0.351	0.917	1.0	DTO_03300101	Kinase	DisGeNET
2263	FGFR2	ENSG00000066468	protein-coding	P21802	0.36	0.875	1.0	DTO_03300101	Kinase	DisGeNET
2264	FGFR4	ENSG00000160867	protein-coding	P22455	0.473	0.792	1.4215e-15	DTO_03300101	Kinase	DisGeNET
2271	FH	ENSG00000091483	protein-coding	P07954	0.477	0.833	0.26382	DTO_05007624	Enzyme	DisGeNET
2316	FLNA	ENSG00000196924	protein-coding	P21333	0.411	0.833				DisGeNET
2321	FLT1	ENSG00000102755	protein-coding	P17948	0.393	0.875	1.0	DTO_03300101	Kinase	DisGeNET
2322	FLT3	ENSG00000122025	protein-coding	P36888	0.455	0.875	0.99725	DTO_03300101	Kinase	DisGeNET
28982	FLVCR1	ENSG00000162769	protein-coding	Q9Y5Y0	0.529	0.833	6.6006e-07	DTO_05007405	Transporter	DisGeNET
54914	FOCAD	ENSG00000188352	protein-coding	Q5VW36	0.568	0.792	6.3477e-37			DisGeNET
2350	FOLR2	ENSG00000165457	protein-coding	P14207	0.601	0.667	0.0015628			DisGeNET
2353	FOS	ENSG00000170345	protein-coding	P01100	0.394	0.875	0.8667	DTO_05007542	Transcription factor	DisGeNET
2354	FOSB	ENSG00000125740	protein-coding	P53539	0.477	0.875	0.95091	DTO_05007542	Transcription factor	DisGeNET
3169	FOXA1	ENSG00000129514	protein-coding	P55317	0.485	0.875	0.89395	DTO_05007542	Transcription factor	DisGeNET
2305	FOXM1	ENSG00000111206	protein-coding	Q08050	0.45	0.833	0.59534			DisGeNET
2309	FOXO3	ENSG00000118689	protein-coding	O43524	0.428	0.875	0.99997			DisGeNET
10468	FST	ENSG00000134363	protein-coding	P19883	0.496	0.875	0.99997	DTO_05007584	Enzyme modulator	DisGeNET
79068	FTO	ENSG00000140718	protein-coding	Q9C0B1	0.42	0.875	1.1171e-10			DisGeNET
8880	FUBP1	ENSG00000162613	protein-coding	Q96AE4	0.561	0.667	0.99993	DTO_05007624	Enzyme	DisGeNET
2538	G6PC1	ENSG00000131482	protein-coding	P35575	0.549	0.75	3.6635e-05			DisGeNET
2563	GABRD	ENSG00000187730	protein-coding	O14764	0.536	0.792	0.00016374	DTO_01300327	Ion channel	DisGeNET
2597	GAPDH	ENSG00000111640	protein-coding	P04406	0.462	0.875	0.18849	DTO_05007624	Enzyme	DisGeNET
57733	GBA3	ENSG00000249948	protein-coding	Q9H227	0.714	0.542		DTO_05007624	Enzyme	DisGeNET
2638	GC	ENSG00000145321	protein-coding	P02774	0.475	0.917	2.2635e-07	DTO_05007405	Transporter	DisGeNET
9518	GDF15	ENSG00000130513	protein-coding	Q99988	0.39	0.917	0.00017046	DTO_05007599	Signaling	DisGeNET
2658	GDF2	ENSG00000263761	protein-coding	Q9UK05	0.525	0.792	3.0716e-06	DTO_05007599	Signaling	DisGeNET
2690	GHR	ENSG00000112964	protein-coding	P10912	0.471	0.833	0.15541	DTO_05007599	Signaling	DisGeNET
9837	GINS1	ENSG00000101003	protein-coding	Q14691	0.617	0.667	0.077854	DTO_05007557	Nucleic acid binding	DisGeNET
2705	GJB1	ENSG00000169562	protein-coding	P08034	0.511	0.875		DTO_05007527	Cell-cell junction	DisGeNET
2735	GLI1	ENSG00000111087	protein-coding	P08151	0.423	0.875	1.2705e-07			DisGeNET
2752	GLUL	ENSG00000135821	protein-coding	P15104	0.478	0.875	0.9997	DTO_05007624	Enzyme	DisGeNET
51053	GMNN	ENSG00000112312	protein-coding	O75496	0.531	0.792				DisGeNET
2775	GNAO1	ENSG00000087258	protein-coding	P09471	0.538	0.875	1.0	DTO_05007584	Enzyme modulator	DisGeNET
2781	GNAZ	ENSG00000128266	protein-coding	P19086	0.639	0.667	0.99978	DTO_05007584	Enzyme modulator	DisGeNET
27232	GNMT	ENSG00000124713	protein-coding	Q14749	0.594	0.708	3.0092e-09			DisGeNET
2719	GPC3	ENSG00000147257	protein-coding	P51654	0.452	0.833				DisGeNET
2823	GPM6A	ENSG00000150625	protein-coding	P51674	0.411	0.875	0.99024	DTO_05007530	Cellular structure	DisGeNET
57512	GPR158	ENSG00000151025	protein-coding	Q5T848	0.686	0.542	0.0047243	DTO_02300001	G-protein coupled receptor	DisGeNET
2875	GPT	ENSG00000167701	protein-coding	P24298	0.336	0.917	2.171e-26	DTO_05007624	Enzyme	DisGeNET
2876	GPX1	ENSG00000233276	protein-coding	P07203	0.412	0.958	0.0019011	DTO_05007624	Enzyme	DisGeNET
2878	GPX3	ENSG00000211445	protein-coding	P22352	0.472	0.875	1.0819e-08	DTO_05007624	Enzyme	DisGeNET
2938	GSTA1	ENSG00000243955	protein-coding	P08263	0.533	0.875	1.5619e-07			DisGeNET
2944	GSTM1	ENSG00000134184	protein-coding	P09488	0.395	0.917				DisGeNET
2950	GSTP1	ENSG00000084207	protein-coding	P09211	0.405	0.917	7.9827e-08			DisGeNET
2952	GSTT1		protein-coding	P30711	0.418	0.875				DisGeNET
51512	GTSE1	ENSG00000075218	protein-coding	Q9NYZ3	0.635	0.417	4.3021e-11			DisGeNET
2998	GYS2	ENSG00000111713	protein-coding	P54840	0.619	0.542	1.4209e-19			DisGeNET
57817	HAMP	ENSG00000105697	protein-coding	P81172	0.474	0.875	0.014086			DisGeNET
51179	HAO2	ENSG00000116882	protein-coding	Q9NYQ3	0.744	0.458	2.3806e-10	DTO_05007624	Enzyme	DisGeNET
84868	HAVCR2	ENSG00000135077	protein-coding	Q8TDQ0	0.431	0.875	0.26632			DisGeNET
3066	HDAC2	ENSG00000196591	protein-coding	Q92769	0.457	0.917	0.98923	DTO_05007378	Epigenetic regulator	DisGeNET
3077	HFE	ENSG00000010704	protein-coding	Q30201	0.432	0.917	9.9398e-10			DisGeNET
3082	HGF	ENSG00000019991	protein-coding	P14210	0.365	0.917	0.99616	DTO_05007624	Enzyme	DisGeNET
3083	HGFAC	ENSG00000109758	protein-coding	Q04756	0.604	0.708	3.8592e-33	DTO_05007624	Enzyme	DisGeNET
64399	HHIP	ENSG00000164161	protein-coding	Q96QV1	0.558	0.667	1.0			DisGeNET
3091	HIF1A	ENSG00000100644	protein-coding	Q16665	0.343	0.917	0.99998	DTO_05007542	Transcription factor	DisGeNET
29923	HILPDA	ENSG00000135245	protein-coding	Q9Y5L2	0.617	0.667	0.22657			DisGeNET
55355	HJURP	ENSG00000123485	protein-coding	Q8NCD3	0.633	0.708	2.0374e-07			DisGeNET
3113	HLA-DPA1	ENSG00000231389	protein-coding	P20036	0.489	0.833		DTO_05007608	Immune response	DisGeNET
3117	HLA-DQA1	ENSG00000196735	protein-coding	P01909	0.385	0.875	0.00063922	DTO_05007608	Immune response	DisGeNET
3119	HLA-DQB1	ENSG00000179344	protein-coding	P01920	0.382	0.875		DTO_05007608	Immune response	DisGeNET
3123	HLA-DRB1	ENSG00000196126	protein-coding	P01911	0.355	0.875		DTO_05007608	Immune response	DisGeNET
3148	HMGB2	ENSG00000164104	protein-coding	P26583	0.541	0.833	0.99963	DTO_05007557	Nucleic acid binding	DisGeNET
3156	HMGCR	ENSG00000113161	protein-coding	P04035	0.464	0.875	0.99941			DisGeNET
3161	HMMR	ENSG00000072571	protein-coding	O75330	0.526	0.792	5.3504e-06			DisGeNET
6927	HNF1A	ENSG00000135100	protein-coding	P20823	0.411	0.875	0.99418	DTO_05007557	Nucleic acid binding	DisGeNET
3182	HNRNPAB	ENSG00000197451	protein-coding	Q99729	0.657	0.75	0.38472			DisGeNET
3191	HNRNPL	ENSG00000104824	protein-coding	P14866	0.592	0.833	1.0			DisGeNET
3206	HOXA10	ENSG00000253293	protein-coding	P31260	0.519	0.75	0.021799			DisGeNET
3209	HOXA13	ENSG00000106031	protein-coding	P31271	0.554	0.792	0.98274			DisGeNET
3235	HOXD9	ENSG00000128709	protein-coding	P28356	0.623	0.542	9.3357e-09			DisGeNET
10855	HPSE	ENSG00000173083	protein-coding	Q9Y251	0.458	0.833	4.2572e-09	DTO_05007624	Enzyme	DisGeNET
3265	HRAS	ENSG00000174775	protein-coding	P01112	0.384	0.875	0.017176	DTO_05007584	Enzyme modulator	DisGeNET
3291	HSD11B2	ENSG00000176387	protein-coding	P80365	0.567	0.833	3.3476e-07	DTO_05007624	Enzyme	DisGeNET
3284	HSD3B2	ENSG00000203859	protein-coding	P26439	0.581	0.625	0.0014452	DTO_05007624	Enzyme	DisGeNET
3309	HSPA5	ENSG00000044574	protein-coding	P11021	0.43	0.875	0.97758			DisGeNET
3313	HSPA9	ENSG00000113013	protein-coding	P38646	0.509	0.875	0.85702			DisGeNET
3315	HSPB1	ENSG00000106211	protein-coding	P04792	0.438	0.833	2.2734e-09			DisGeNET
10553	HTATIP2	ENSG00000109854	protein-coding	Q9BUP3	0.58	0.667	1.0198e-09			DisGeNET
3357	HTR2B	ENSG00000135914	protein-coding	P41595	0.569	0.708	1.5287e-08	DTO_02300001	G-protein coupled receptor	DisGeNET
3383	ICAM1	ENSG00000090339	protein-coding	P05362	0.343	0.917	1.834e-06			DisGeNET
3417	IDH1	ENSG00000138413	protein-coding	O75874	0.413	0.917	9.0901e-05			DisGeNET
169355	IDO2	ENSG00000188676	protein-coding	Q6ZQW0	0.586	0.792				DisGeNET
9592	IER2	ENSG00000160888	protein-coding	Q9BTL4	0.71	0.417	0.6802			DisGeNET
10437	IFI30	ENSG00000216490	protein-coding	P13284	0.595	0.792	3.6997e-10	DTO_05007624	Enzyme	DisGeNET
3439	IFNA1	ENSG00000197919	protein-coding		0.417	0.917	0.33768			DisGeNET
3440	IFNA2	ENSG00000188379	protein-coding	P01563	0.511	0.875	0.12904			DisGeNET
3458	IFNG	ENSG00000111537	protein-coding	P01579	0.291	0.917	0.10687			DisGeNET
282618	IFNL1	ENSG00000182393	protein-coding	Q8IU54	0.54	0.833	1.0054e-05			DisGeNET
282617	IFNL3	ENSG00000197110	protein-coding	Q8IZI9	0.524	0.833	1.4907e-06			DisGeNET
101180976	IFNL4	ENSG00000272395	protein-coding	K9M1U5	0.617	0.583				DisGeNET
3476	IGBP1	ENSG00000089289	protein-coding	P78318	0.58	0.833		DTO_05007608	Immune response	DisGeNET
3479	IGF1	ENSG00000017427	protein-coding	P05019	0.31	0.917	0.75878			DisGeNET
3480	IGF1R	ENSG00000140443	protein-coding	P08069	0.376	0.875	1.0	DTO_03300101	Kinase	DisGeNET
3481	IGF2	ENSG00000167244	protein-coding	P01344	0.38	0.875	0.9599			DisGeNET
10642	IGF2BP1	ENSG00000159217	protein-coding	Q9NZI8	0.496	0.833	1.0	DTO_05007624	Enzyme	DisGeNET
10643	IGF2BP3	ENSG00000136231	protein-coding	O00425	0.491	0.792	1.0	DTO_05007624	Enzyme	DisGeNET
3482	IGF2R	ENSG00000197081	protein-coding	P11717	0.495	0.875	1.0	DTO_05007575	Receptor	DisGeNET
3483	IGFALS	ENSG00000099769	protein-coding	P35858	0.64	0.75	0.067799	DTO_05007575	Receptor	DisGeNET
3484	IGFBP1	ENSG00000146678	protein-coding	P08833	0.457	0.875	3.2836e-14	DTO_05007584	Enzyme modulator	DisGeNET
3485	IGFBP2	ENSG00000115457	protein-coding	P18065	0.446	0.833	0.0037854	DTO_05007584	Enzyme modulator	DisGeNET
8517	IKBKG	ENSG00000269335	protein-coding	Q9Y6K9	0.473	0.875		DTO_03300101	Kinase	DisGeNET
3586	IL10	ENSG00000136634	protein-coding	P22301	0.286	0.958	0.48334			DisGeNET
3592	IL12A	ENSG00000168811	protein-coding	P29459	0.371	0.958	0.00047911			DisGeNET
3606	IL18	ENSG00000150782	protein-coding	Q14116	0.351	0.917	0.31817			DisGeNET
3552	IL1A	ENSG00000115008	protein-coding	P01583	0.414	0.875	0.060574			DisGeNET
3553	IL1B	ENSG00000125538	protein-coding	P01584	0.284	0.958	0.48761			DisGeNET
3556	IL1RAP	ENSG00000196083	protein-coding	Q9NPH3	0.558	0.75	0.00032416	DTO_05007575	Receptor	DisGeNET
3557	IL1RN	ENSG00000136689	protein-coding	P18510	0.371	0.917	0.0055013			DisGeNET
3558	IL2	ENSG00000109471	protein-coding	P60568	0.331	0.958	0.84704			DisGeNET
59067	IL21	ENSG00000138684	protein-coding	Q9HBE4	0.434	0.917	0.98551			DisGeNET
3562	IL3	ENSG00000164399	protein-coding	P08700	0.468	0.875	1.1113e-05			DisGeNET
3565	IL4	ENSG00000113520	protein-coding	P05112	0.33	0.958	0.33956			DisGeNET
3569	IL6	ENSG00000136244	protein-coding	P05231	0.248	0.958	0.19935			DisGeNET
11185	INMT	ENSG00000241644	protein-coding	O95050	0.723	0.458	0.00024904	DTO_05007624	Enzyme	DisGeNET
8821	INPP4B	ENSG00000109452	protein-coding	O15327	0.545	0.833	0.0043619			DisGeNET
3630	INS	ENSG00000254647	protein-coding	P01308	0.362	0.917	0.019763			DisGeNET
723961	INS-IGF2	ENSG00000129965	protein-coding	F8WCM5	0.68	0.5				DisGeNET
8826	IQGAP1	ENSG00000140575	protein-coding	P46940	0.528	0.875	1.0	DTO_05007584	Enzyme modulator	DisGeNET
10788	IQGAP2	ENSG00000145703	protein-coding	Q13576	0.626	0.75	1.0329e-25	DTO_05007584	Enzyme modulator	DisGeNET
128239	IQGAP3	ENSG00000183856	protein-coding	Q86VI3	0.637	0.542	1.1458e-40	DTO_05007584	Enzyme modulator	DisGeNET
3660	IRF2	ENSG00000168310	protein-coding	P14316	0.578	0.75	0.98953	DTO_05007542	Transcription factor	DisGeNET
3667	IRS1	ENSG00000169047	protein-coding	P35568	0.475	0.875	0.00013176			DisGeNET
8660	IRS2	ENSG00000185950	protein-coding	Q9Y4H2	0.517	0.833	4.0881e-07			DisGeNET
9636	ISG15	ENSG00000187608	protein-coding	P05161	0.493	0.875	0.11312	DTO_05007557	Nucleic acid binding	DisGeNET
3699	ITIH3	ENSG00000162267	protein-coding	Q06033	0.622	0.667	4.4524e-23	DTO_05007584	Enzyme modulator	DisGeNET
3716	JAK1	ENSG00000162434	protein-coding	P23458	0.422	0.875	1.0	DTO_03300101	Kinase	DisGeNET
3717	JAK2	ENSG00000096968	protein-coding	O60674	0.376	0.875	2.2125e-06	DTO_03300101	Kinase	DisGeNET
122953	JDP2	ENSG00000140044	protein-coding	Q8WYK2	0.655	0.625	0.035318	DTO_05007542	Transcription factor	DisGeNET
3725	JUN	ENSG00000177606	protein-coding	P05412	0.403	0.917	0.46638	DTO_05007542	Transcription factor	DisGeNET
3727	JUND	ENSG00000130522	protein-coding	P17535	0.561	0.792	0.56345	DTO_05007542	Transcription factor	DisGeNET
9920	KBTBD11	ENSG00000176595	protein-coding	O94819	0.778	0.25	0.017069			DisGeNET
3781	KCNN2	ENSG00000080709	protein-coding	Q9H2S1	0.562	0.833	0.066274	DTO_01300327	Ion channel	DisGeNET
7403	KDM6A	ENSG00000147050	protein-coding	O15550	0.444	0.833		DTO_05007378	Epigenetic regulator	DisGeNET
79831	KDM8	ENSG00000155666	protein-coding	Q8N371	0.674	0.667	6.9421e-09			DisGeNET
3791	KDR	ENSG00000128052	protein-coding	P35968	0.368	0.875	1.0	DTO_03300101	Kinase	DisGeNET
3832	KIF11	ENSG00000138160	protein-coding	P52732	0.496	0.875	1.0	DTO_05007530	Cellular structure	DisGeNET
9928	KIF14	ENSG00000118193	protein-coding	Q15058	0.549	0.833	2.0116e-06	DTO_05007530	Cellular structure	DisGeNET
56992	KIF15	ENSG00000163808	protein-coding	Q9NS87	0.552	0.875	4.3746e-25	DTO_05007530	Cellular structure	DisGeNET
81930	KIF18A	ENSG00000121621	protein-coding	Q8NI77	0.605	0.667	0.00088632	DTO_05007530	Cellular structure	DisGeNET
146909	KIF18B	ENSG00000186185	protein-coding	Q86Y91	0.662	0.542	3.1293e-09	DTO_05007530	Cellular structure	DisGeNET
23095	KIF1B	ENSG00000054523	protein-coding	O60333	0.543	0.875	1.0	DTO_05007530	Cellular structure	DisGeNET
10112	KIF20A	ENSG00000112984	protein-coding	O95235	0.554	0.708	2.1724e-10	DTO_05007530	Cellular structure	DisGeNET
9493	KIF23	ENSG00000137807	protein-coding	Q02241	0.577	0.792	1.0	DTO_05007530	Cellular structure	DisGeNET
11004	KIF2C	ENSG00000142945	protein-coding	Q99661	0.591	0.792	0.99989	DTO_05007530	Cellular structure	DisGeNET
24137	KIF4A	ENSG00000090889	protein-coding	O95239	0.567	0.792		DTO_05007530	Cellular structure	DisGeNET
3833	KIFC1	ENSG00000237649	protein-coding	Q9BW19	0.557	0.833	8.3883e-06	DTO_05007530	Cellular structure	DisGeNET
3813	KIR3DS1		protein-coding	Q14943	0.606	0.708		DTO_05007575	Receptor	DisGeNET
152831	KLB	ENSG00000134962	protein-coding	Q86Z14	0.575	0.792	1.3446e-05	DTO_05007624	Enzyme	DisGeNET
9314	KLF4	ENSG00000136826	protein-coding	O43474	0.448	0.833	0.096433	DTO_05007557	Nucleic acid binding	DisGeNET
688	KLF5	ENSG00000102554	protein-coding	Q13887	0.498	0.833	0.96632	DTO_05007557	Nucleic acid binding	DisGeNET
4297	KMT2A	ENSG00000118058	protein-coding	Q03164	0.433	0.875	1.0			DisGeNET
9757	KMT2B	ENSG00000272333	protein-coding	Q9UMN6	0.502	0.833	1.0			DisGeNET
58508	KMT2C	ENSG00000055609	protein-coding	Q8NEZ4	0.478	0.833	1.0			DisGeNET
3845	KRAS	ENSG00000133703	protein-coding	P01116	0.321	0.875	0.99914	DTO_05007584	Enzyme modulator	DisGeNET
3875	KRT18	ENSG00000111057	protein-coding	P05783	0.47	0.875	0.99876			DisGeNET
3856	KRT8	ENSG00000170421	protein-coding	P05787	0.496	0.833				DisGeNET
284217	LAMA1	ENSG00000101680	protein-coding	P25391	0.519	0.833	5.05e-35			DisGeNET
3918	LAMC2	ENSG00000058085	protein-coding	Q13753	0.506	0.792	1.4616e-20	DTO_05007584	Enzyme modulator	DisGeNET
3931	LCAT	ENSG00000213398	protein-coding	P04180	0.508	0.792	0.76238	DTO_05007624	Enzyme	DisGeNET
3949	LDLR	ENSG00000130164	protein-coding	P01130	0.448	0.875	1.1561e-30			DisGeNET
3950	LECT2	ENSG00000145826	protein-coding	O14960	0.602	0.667	0.068157	DTO_05007599	Signaling	DisGeNET
3952	LEP	ENSG00000174697	protein-coding	P41159	0.349	0.917	0.0070036			DisGeNET
3953	LEPR	ENSG00000116678	protein-coding	P48357	0.432	0.875	8.8607e-05	DTO_05007599	Signaling	DisGeNET
3954	LETM1	ENSG00000168924	protein-coding	O95202	0.512	0.833	1.3299e-11	DTO_05007405	Transporter	DisGeNET
3956	LGALS1	ENSG00000100097	protein-coding	P09382	0.437	0.875	1.8891e-05	DTO_05007599	Signaling	DisGeNET
3959	LGALS3BP	ENSG00000108679	protein-coding	Q08380	0.511	0.875	2.0549e-11			DisGeNET
3976	LIF	ENSG00000128342	protein-coding	P15018	0.463	0.875	0.010771	DTO_05007599	Signaling	DisGeNET
3977	LIFR	ENSG00000113594	protein-coding	P42702	0.498	0.833	4.862e-10	DTO_05007599	Signaling	DisGeNET
10990	LILRB5	ENSG00000105609	protein-coding	O75023	0.797	0.458	1.2895e-19	DTO_05007575	Receptor	DisGeNET
110806263	LOC110806263		biological-region		0.622	0.542				DisGeNET
126806658	LOC126806658		biological-region		0.728	0.375				DisGeNET
126806659	LOC126806659		biological-region		0.763	0.458				DisGeNET
129994371	LOC129994371		biological-region		0.82	0.125				DisGeNET
129997612	LOC129997612		biological-region		1.0	0.083				DisGeNET
4015	LOX	ENSG00000113083	protein-coding	P28300	0.455	0.875	0.97953			DisGeNET
4016	LOXL1	ENSG00000129038	protein-coding	Q08397	0.526	0.792	2.716e-07			DisGeNET
84695	LOXL3	ENSG00000115318	protein-coding	P58215	0.599	0.708	1.2111e-12			DisGeNET
9227	LRAT	ENSG00000121207	protein-coding	O95237	0.575	0.708	0.0010603			DisGeNET
53353	LRP1B	ENSG00000168702	protein-coding	Q9NZR2	0.51	0.792	1.0			DisGeNET
55227	LRRC1	ENSG00000137269	protein-coding	Q9BTT6	0.666	0.667	0.23392			DisGeNET
55379	LRRC59	ENSG00000108829	protein-coding	Q96AG4	0.696	0.292	0.0031619			DisGeNET
4060	LUM	ENSG00000139329	protein-coding	P51884	0.521	0.792	0.0024905			DisGeNET
10894	LYVE1	ENSG00000133800	protein-coding	Q9Y5Y7	0.546	0.833	9.7623e-10			DisGeNET
8216	LZTR1	ENSG00000099949	protein-coding	Q8N653	0.494	0.833	4.6096e-132			DisGeNET
4085	MAD2L1	ENSG00000164109	protein-coding	Q13257	0.546	0.75	0.50172			DisGeNET
51438	MAGEC2	ENSG00000046774	protein-coding	Q9UBF1	0.648	0.5		DTO_05007620	Cell adhesion	DisGeNET
9448	MAP4K4	ENSG00000071054	protein-coding	O95819	0.536	0.875		DTO_03300101	Kinase	DisGeNET
4137	MAPT	ENSG00000186868	protein-coding	P10636	0.381	0.917	2.127e-05			DisGeNET
8685	MARCO	ENSG00000019169	protein-coding	Q9UEW3	0.583	0.75	5.1597e-19			DisGeNET
4143	MAT1A	ENSG00000151224	protein-coding	Q00266	0.578	0.792	0.061869	DTO_05007624	Enzyme	DisGeNET
4153	MBL2	ENSG00000165471	protein-coding	P11226	0.404	0.875	0.027157	DTO_05007575	Receptor	DisGeNET
8720	MBTPS1	ENSG00000140943	protein-coding	Q14703	0.52	0.833	1.2573e-18	DTO_05007624	Enzyme	DisGeNET
51360	MBTPS2	ENSG00000012174	protein-coding	O43462	0.502	0.833		DTO_05007624	Enzyme	DisGeNET
55388	MCM10	ENSG00000065328	protein-coding	Q7L590	0.622	0.583	6.5756e-19			DisGeNET
4171	MCM2	ENSG00000073111	protein-coding	P49736	0.498	0.792	4.5576e-08	DTO_05007624	Enzyme	DisGeNET
4193	MDM2	ENSG00000135679	protein-coding	Q00987	0.383	0.875	1.0	DTO_05007557	Nucleic acid binding	DisGeNET
4199	ME1	ENSG00000065833	protein-coding	P48163	0.587	0.792	4.5364e-09	DTO_05007624	Enzyme	DisGeNET
4204	MECP2	ENSG00000169057	protein-coding	P51608	0.431	0.917		DTO_05007378	Epigenetic regulator	DisGeNET
5469	MED1	ENSG00000125686	protein-coding	Q15648	0.479	0.833	1.0			DisGeNET
9833	MELK	ENSG00000165304	protein-coding	Q14680	0.543	0.792	9.4353e-14	DTO_03300101	Kinase	DisGeNET
4233	MET	ENSG00000105976	protein-coding	P08581	0.37	0.875	0.99984	DTO_03300101	Kinase	DisGeNET
56339	METTL3	ENSG00000165819	protein-coding	Q86U44	0.397	0.875				DisGeNET
84879	MFSD2A	ENSG00000168389	protein-coding	Q8NA29	0.594	0.75	0.20393	DTO_05007405	Transporter	DisGeNET
11343	MGLL	ENSG00000074416	protein-coding	Q99685	0.532	0.833	0.98058	DTO_05007624	Enzyme	DisGeNET
100507436	MICA	ENSG00000204520	protein-coding	Q29983	0.423	0.917	0.0031713			DisGeNET
9645	MICAL2	ENSG00000133816	protein-coding	O94851	0.646	0.75	7.3163e-13			DisGeNET
406906	MIR122	ENSG00000284440	ncRNA		0.48	0.833				DisGeNET
406922	MIR133A1	ENSG00000283927	ncRNA		0.57	0.792				DisGeNET
406938	MIR146A	ENSG00000283733	ncRNA		0.404	0.875				DisGeNET
406945	MIR153-2	ENSG00000207960	ncRNA		0.566	0.833				DisGeNET
406947	MIR155	ENSG00000283904	ncRNA		0.395	0.875				DisGeNET
406968	MIR193A	ENSG00000207614	ncRNA		0.535	0.792				DisGeNET
406971	MIR195	ENSG00000284112	ncRNA		0.508	0.792				DisGeNET
406973	MIR196A2	ENSG00000207924	ncRNA		0.501	0.792				DisGeNET
406984	MIR200B	ENSG00000207730	ncRNA		0.488	0.833				DisGeNET
100616173	MIR203B	ENSG00000283165	ncRNA		0.851	0.25				DisGeNET
406994	MIR212	ENSG00000267195	ncRNA		0.559	0.792				DisGeNET
407006	MIR221	ENSG00000207870	ncRNA		0.465	0.875				DisGeNET
407011	MIR23B	ENSG00000207563	ncRNA		0.537	0.833				DisGeNET
407018	MIR27A	ENSG00000207808	ncRNA		0.469	0.875				DisGeNET
407021	MIR29A	ENSG00000284032	ncRNA		0.457	0.875				DisGeNET
442896	MIR302D	ENSG00000199145	ncRNA		0.703	0.625				DisGeNET
407030	MIR30B	ENSG00000207582	ncRNA		0.538	0.833				DisGeNET
407031	MIR30C1	ENSG00000207962	ncRNA		0.521	0.792				DisGeNET
407032	MIR30C2	ENSG00000199094	ncRNA		0.714	0.333				DisGeNET
442910	MIR345	ENSG00000198984	ncRNA		0.628	0.625				DisGeNET
407040	MIR34A	ENSG00000284357	ncRNA		0.425	0.875				DisGeNET
574451	MIR432	ENSG00000272458	ncRNA		0.642	0.75				DisGeNET
619556	MIR455	ENSG00000207726	ncRNA		0.607	0.833				DisGeNET
574506	MIR503	ENSG00000208005	ncRNA		0.567	0.708				DisGeNET
693200	MIR615	ENSG00000207571	ncRNA		0.576	0.792				DisGeNET
100126315	MIR665	ENSG00000283159	ncRNA		0.557	0.875				DisGeNET
100313838	MIR764	ENSG00000212100	ncRNA		0.936	0.125				DisGeNET
768218	MIR766	ENSG00000211578	ncRNA		0.659	0.542				DisGeNET
100126309	MIR875	ENSG00000216069	ncRNA		0.872	0.167				DisGeNET
4288	MKI67	ENSG00000148773	protein-coding	P46013	0.323	0.875	3.6335e-28			DisGeNET
51085	MLXIPL	ENSG00000009950	protein-coding	Q9NP71	0.521	0.833	1.1896e-11			DisGeNET
4312	MMP1	ENSG00000196611	protein-coding	P03956	0.357	0.875	1.3477e-15	DTO_05007624	Enzyme	DisGeNET
4323	MMP14	ENSG00000157227	protein-coding	P50281	0.437	0.833	1.0	DTO_05007624	Enzyme	DisGeNET
4313	MMP2	ENSG00000087245	protein-coding	P08253	0.342	0.875	6.2654e-05	DTO_05007624	Enzyme	DisGeNET
4318	MMP9	ENSG00000100985	protein-coding	P14780	0.309	0.917	3.7082e-25	DTO_05007624	Enzyme	DisGeNET
80168	MOGAT2	ENSG00000166391	protein-coding	Q3SYC2	0.738	0.25	4.6863e-08	DTO_05007624	Enzyme	DisGeNET
4353	MPO	ENSG00000005381	protein-coding	P05164	0.374	0.917	3.2783e-16	DTO_05007624	Enzyme	DisGeNET
83876	MRO	ENSG00000134042	protein-coding	Q9BYG7	0.756	0.458	4.9173e-09			DisGeNET
57591	MRTFA	ENSG00000196588	protein-coding	Q969V6	0.524	0.792	0.99999			DisGeNET
4439	MSH5	ENSG00000204410	protein-coding	O43196	0.469	0.833	1.5743e-18	DTO_05007557	Nucleic acid binding	DisGeNET
4489	MT1A	ENSG00000205362	protein-coding	P04731	0.531	0.875	0.00020324			DisGeNET
4493	MT1E	ENSG00000169715	protein-coding	P04732	0.479	0.875	0.17394			DisGeNET
4502	MT2A	ENSG00000125148	protein-coding	P02795	0.518	0.875	0.044744			DisGeNET
27085	MTBP	ENSG00000172167	protein-coding	Q96DY7	0.68	0.375	1.6832e-13			DisGeNET
92140	MTDH	ENSG00000147649	protein-coding	Q86UE4	0.508	0.792	0.91889			DisGeNET
4524	MTHFR	ENSG00000177000	protein-coding	P42898	0.357	0.875	1.0185e-11			DisGeNET
2475	MTOR	ENSG00000198793	protein-coding	P42345	0.324	0.917	1.0	DTO_03300101	Kinase	DisGeNET
4552	MTRR	ENSG00000124275	protein-coding	Q9UBK8	0.499	0.875	1.0052e-15			DisGeNET
4547	MTTP	ENSG00000138823	protein-coding	P55157	0.549	0.792	6.4626e-07	DTO_05007405	Transporter	DisGeNET
57509	MTUS1	ENSG00000129422	protein-coding	Q9ULD2	0.573	0.75	3.4548e-25			DisGeNET
4598	MVK	ENSG00000110921	protein-coding	Q03426	0.558	0.792	8.9591e-10	DTO_03300101	Kinase	DisGeNET
4605	MYBL2	ENSG00000101057	protein-coding	P10244	0.562	0.625	0.97209			DisGeNET
4609	MYC	ENSG00000136997	protein-coding	P01106	0.336	0.875	1.0	DTO_05007542	Transcription factor	DisGeNET
4615	MYD88	ENSG00000172936	protein-coding	Q99836	0.406	0.917	0.042161	DTO_05007584	Enzyme modulator	DisGeNET
10	NAT2	ENSG00000156006	protein-coding	P11245	0.477	0.875	0.11278	DTO_05007624	Enzyme	DisGeNET
4683	NBN	ENSG00000104320	protein-coding	O60934	0.495	0.833	1.6813e-18	DTO_05007557	Nucleic acid binding	DisGeNET
64151	NCAPG	ENSG00000109805	protein-coding	Q9BPX3	0.58	0.667	1.5633e-05			DisGeNET
23397	NCAPH	ENSG00000121152	protein-coding	Q15003	0.626	0.708	0.10802			DisGeNET
4540	ND5		protein-coding	P03915	0.514	0.792		DTO_05007624	Enzyme	DisGeNET
10403	NDC80	ENSG00000080986	protein-coding	O14777	0.595	0.792	1.0574e-07	DTO_05007542	Transcription factor	DisGeNET
55247	NEIL3	ENSG00000109674	protein-coding	Q8TAT5	0.625	0.75	5.6704e-12	DTO_05007624	Enzyme	DisGeNET
4751	NEK2	ENSG00000117650	protein-coding	P51955	0.534	0.792	0.039575	DTO_03300101	Kinase	DisGeNET
4771	NF2	ENSG00000186575	protein-coding	P35240	0.455	0.833	1.0			DisGeNET
4780	NFE2L2	ENSG00000116044	protein-coding	Q16236	0.355	0.917	0.49709	DTO_05007624	Enzyme	DisGeNET
4790	NFKB1	ENSG00000109320	protein-coding	P19838	0.314	0.917	1.0	DTO_05007542	Transcription factor	DisGeNET
4792	NFKBIA	ENSG00000100906	protein-coding	P25963	0.448	0.833	0.98136			DisGeNET
4824	NKX3-1	ENSG00000167034	protein-coding	Q99801	0.578	0.708	0.00015903	DTO_05007542	Transcription factor	DisGeNET
197358	NLRC3	ENSG00000167984	protein-coding	Q7RTR2	0.552	0.792	8.2148e-22	DTO_05007624	Enzyme	DisGeNET
114548	NLRP3	ENSG00000162711	protein-coding	Q96P20	0.351	0.917	9.3769e-06			DisGeNET
4830	NME1	ENSG00000239672	protein-coding	P15531	0.463	0.833	0.067529	DTO_03300101	Kinase	DisGeNET
4837	NNMT	ENSG00000166741	protein-coding	P40261	0.518	0.833	0.0012774	DTO_05007624	Enzyme	DisGeNET
4854	NOTCH3	ENSG00000074181	protein-coding	Q9UM47	0.41	0.917	1.3894e-07			DisGeNET
4864	NPC1	ENSG00000141458	protein-coding	O15118	0.502	0.875	5.6981e-11	DTO_05007405	Transporter	DisGeNET
4878	NPPA	ENSG00000175206	protein-coding	P01160	0.455	0.833	0.0013161			DisGeNET
1728	NQO1	ENSG00000181019	protein-coding	P15559	0.437	0.875	2.3078e-08			DisGeNET
8431	NR0B2	ENSG00000131910	protein-coding	Q15466	0.563	0.75	4.235e-06	DTO_00102000	Nuclear receptor	DisGeNET
7376	NR1H2	ENSG00000131408	protein-coding	P55055	0.479	0.833	1.7055e-07	DTO_00102000	Nuclear receptor	DisGeNET
9971	NR1H4	ENSG00000012504	protein-coding	Q96RI1	0.459	0.792	0.66513	DTO_00102000	Nuclear receptor	DisGeNET
2494	NR5A2	ENSG00000116833	protein-coding	O00482	0.535	0.833	0.049028	DTO_00102000	Nuclear receptor	DisGeNET
4893	NRAS	ENSG00000213281	protein-coding	P01111	0.391	0.875	0.93712	DTO_05007584	Enzyme modulator	DisGeNET
83540	NUF2	ENSG00000143228	protein-coding	Q9BZD4	0.562	0.75	0.011485	DTO_05007530	Cellular structure	DisGeNET
51203	NUSAP1	ENSG00000137804	protein-coding	Q9BXS6	0.568	0.708	4.0246e-05			DisGeNET
170392	OIT3	ENSG00000138315	protein-coding	Q8WWZ8	0.723	0.417	4.3245e-08			DisGeNET
169611	OLFML2A	ENSG00000185585	protein-coding	Q68BL7	0.733	0.583	1.1421e-12	DTO_05007530	Cellular structure	DisGeNET
25903	OLFML2B	ENSG00000162745	protein-coding	Q68BL8	0.778	0.25	7.2881e-14	DTO_05007530	Cellular structure	DisGeNET
4998	ORC1	ENSG00000085840	protein-coding	Q13415	0.559	0.833	8.2351e-10	DTO_05007557	Nucleic acid binding	DisGeNET
5027	P2RX7	ENSG00000089041	protein-coding	Q99572	0.428	0.875	4.2054e-13	DTO_01300327	Ion channel	DisGeNET
25891	PAMR1	ENSG00000149090	protein-coding	Q6UXH9	0.706	0.5	2.3359e-23	DTO_05007624	Enzyme	DisGeNET
11315	PARK7	ENSG00000116288	protein-coding	Q99497	0.465	0.917	0.0012922	DTO_05007624	Enzyme	DisGeNET
142	PARP1	ENSG00000143799	protein-coding	P09874	0.386	0.875	0.99939			DisGeNET
55872	PBK	ENSG00000168078	protein-coding	Q96KB5	0.543	0.708	0.43364	DTO_03300101	Kinase	DisGeNET
5105	PCK1	ENSG00000124253	protein-coding	P35558	0.527	0.833	6.2994e-13	DTO_03300101	Kinase	DisGeNET
9768	PCLAF	ENSG00000166803	protein-coding	Q15004	0.557	0.792	0.014599			DisGeNET
5118	PCOLCE	ENSG00000106333	protein-coding	Q15113	0.646	0.708	7.3142e-09			DisGeNET
5133	PDCD1	ENSG00000188389	protein-coding	Q15116	0.328	0.917	0.029477			DisGeNET
5154	PDGFA	ENSG00000197461	protein-coding	P04085	0.494	0.833		DTO_05007599	Signaling	DisGeNET
5155	PDGFB	ENSG00000100311	protein-coding	P01127	0.374	0.875	0.98832	DTO_05007599	Signaling	DisGeNET
5157	PDGFRL	ENSG00000104213	protein-coding	Q15198	0.493	0.75	1.3913e-15	DTO_05007624	Enzyme	DisGeNET
2923	PDIA3	ENSG00000167004	protein-coding	P30101	0.505	0.875	0.99703			DisGeNET
5166	PDK4	ENSG00000004799	protein-coding	Q16654	0.536	0.792	0.0037688	DTO_03300101	Kinase	DisGeNET
10400	PEMT	ENSG00000133027	protein-coding	Q9UBM1	0.625	0.667	2.4551e-06			DisGeNET
5226	PGD	ENSG00000142657	protein-coding	P52209	0.637	0.667	0.83866	DTO_05007624	Enzyme	DisGeNET
5230	PGK1	ENSG00000102144	protein-coding	P00558	0.512	0.833		DTO_03300101	Kinase	DisGeNET
5245	PHB1	ENSG00000167085	protein-coding	P35232	0.509	0.833	0.44193			DisGeNET
5261	PHKG2	ENSG00000156873	protein-coding	P15735	0.64	0.583	5.831e-07	DTO_03300101	Kinase	DisGeNET
22822	PHLDA1	ENSG00000139289	protein-coding	Q8WV24	0.577	0.708				DisGeNET
5290	PIK3CA	ENSG00000121879	protein-coding	P42336	0.329	0.875	1.0	DTO_03300101	Kinase	DisGeNET
54984	PINX1	ENSG00000254093	protein-coding	Q96BK5	0.579	0.792	2.2335e-07	DTO_05007584	Enzyme modulator	DisGeNET
83394	PITPNM3	ENSG00000091622	protein-coding	Q9BZ71	0.583	0.792	1.0	DTO_05007624	Enzyme	DisGeNET
5307	PITX1	ENSG00000069011	protein-coding	P78337	0.552	0.875	0.88112			DisGeNET
5315	PKM	ENSG00000067225	protein-coding	P14618	0.426	0.875	0.96074	DTO_03300101	Kinase	DisGeNET
9088	PKMYT1	ENSG00000127564	protein-coding	Q99640	0.617	0.5	2.6216e-10	DTO_03300101	Kinase	DisGeNET
5317	PKP1	ENSG00000081277	protein-coding	Q13835	0.595	0.667	0.97194	DTO_05007530	Cellular structure	DisGeNET
51316	PLAC8	ENSG00000145287	protein-coding	Q9NZF1	0.606	0.708	0.31969			DisGeNET
5328	PLAU	ENSG00000122861	protein-coding	P00749	0.418	0.875	2.1468e-07	DTO_05007624	Enzyme	DisGeNET
5335	PLCG1	ENSG00000124181	protein-coding	P19174	0.535	0.833	0.15798	DTO_05007624	Enzyme	DisGeNET
5347	PLK1	ENSG00000166851	protein-coding	P53350	0.459	0.833	1.0	DTO_03300101	Kinase	DisGeNET
5352	PLOD2	ENSG00000152952	protein-coding	O00469	0.54	0.75	6.7296e-07	DTO_05007624	Enzyme	DisGeNET
83483	PLVAP	ENSG00000130300	protein-coding	Q9BX97	0.575	0.792	1.6219e-09			DisGeNET
57125	PLXDC1	ENSG00000161381	protein-coding	Q8IUK5	0.674	0.5	2.4864e-06			DisGeNET
5395	PMS2	ENSG00000122512	protein-coding	P54278	0.468	0.833	5.2725e-09	DTO_05007557	Nucleic acid binding	DisGeNET
80339	PNPLA3	ENSG00000100344	protein-coding	Q9NST1	0.502	0.792	2.6082e-14	DTO_05007624	Enzyme	DisGeNET
87178	PNPT1	ENSG00000138035	protein-coding	Q8TCS8	0.563	0.833	0.00014294	DTO_05007624	Enzyme	DisGeNET
5428	POLG	ENSG00000140521	protein-coding	P54098	0.451	0.875	2.0281e-26	DTO_05007624	Enzyme	DisGeNET
10631	POSTN	ENSG00000133110	protein-coding	Q15063	0.419	0.833	4.1922e-09	DTO_05007599	Signaling	DisGeNET
25913	POT1	ENSG00000128513	protein-coding	Q9NUX5	0.525	0.708	3.5055e-05	DTO_05007557	Nucleic acid binding	DisGeNET
5465	PPARA	ENSG00000186951	protein-coding	Q07869	0.423	0.875	0.0034658	DTO_00102000	Nuclear receptor	DisGeNET
5467	PPARD	ENSG00000112033	protein-coding	Q03181	0.473	0.875	0.99998	DTO_00102000	Nuclear receptor	DisGeNET
5468	PPARG	ENSG00000132170	protein-coding	P37231	0.361	0.917	0.21172	DTO_00102000	Nuclear receptor	DisGeNET
10891	PPARGC1A	ENSG00000109819	protein-coding	Q9UBK2	0.429	0.875	1.0	DTO_05007542	Transcription factor	DisGeNET
5502	PPP1R1A	ENSG00000135447	protein-coding	Q13522	0.677	0.5	3.5178e-06	DTO_05007584	Enzyme modulator	DisGeNET
139420	PPP4R3C	ENSG00000224960	protein-coding		1.0	0.083				DisGeNET
9055	PRC1	ENSG00000198901	protein-coding	O43663	0.567	0.833	1.9949e-08	DTO_05007530	Cellular structure	DisGeNET
639	PRDM1	ENSG00000057657	protein-coding	O75626	0.507	0.792	1.0			DisGeNET
5052	PRDX1	ENSG00000117450	protein-coding	Q06830	0.472	0.875	9.8726e-07	DTO_05007624	Enzyme	DisGeNET
7001	PRDX2	ENSG00000167815	protein-coding	P32119	0.462	0.875	0.044154	DTO_05007624	Enzyme	DisGeNET
10935	PRDX3	ENSG00000165672	protein-coding	P30048	0.547	0.875	3.3911e-05	DTO_05007624	Enzyme	DisGeNET
9588	PRDX6	ENSG00000117592	protein-coding	P30041	0.529	0.833	0.0020804	DTO_05007624	Enzyme	DisGeNET
5551	PRF1	ENSG00000180644	protein-coding	P14222	0.425	0.875	0.00028861			DisGeNET
5566	PRKACA	ENSG00000072062	protein-coding	P17612	0.443	0.917	0.99999	DTO_03300101	Kinase	DisGeNET
5578	PRKCA	ENSG00000154229	protein-coding	P17252	0.465	0.875	0.99999	DTO_03300101	Kinase	DisGeNET
5580	PRKCD	ENSG00000163932	protein-coding	Q05655	0.479	0.875	1.0	DTO_03300101	Kinase	DisGeNET
5581	PRKCE	ENSG00000171132	protein-coding	Q02156	0.509	0.875	1.0	DTO_03300101	Kinase	DisGeNET
5728	PTEN	ENSG00000171862	protein-coding	P60484	0.319	0.875	0.048008	DTO_05007624	Enzyme	DisGeNET
5743	PTGS2	ENSG00000073756	protein-coding	P35354	0.335	0.917	1.0	DTO_05007624	Enzyme	DisGeNET
5745	PTH1R	ENSG00000160801	protein-coding	Q03431	0.493	0.833	0.0001879	DTO_02300001	G-protein coupled receptor	DisGeNET
5747	PTK2	ENSG00000169398	protein-coding	Q05397	0.413	0.875		DTO_03300101	Kinase	DisGeNET
5783	PTPN13	ENSG00000163629	protein-coding	Q12923	0.482	0.875	1.2302e-27			DisGeNET
9232	PTTG1	ENSG00000164611	protein-coding	O95997	0.528	0.792	0.61245			DisGeNET
5820	PVT1	ENSG00000249859	ncRNA		0.471	0.833				DisGeNET
29108	PYCARD	ENSG00000103490	protein-coding	Q9ULZ3	0.478	0.875	0.00042867	DTO_05007624	Enzyme	DisGeNET
5836	PYGL	ENSG00000100504	protein-coding	P06737	0.585	0.708	3.973e-27	DTO_05007624	Enzyme	DisGeNET
5858	PZP	ENSG00000126838	protein-coding	P20742	0.653	0.708	1.7113e-32	DTO_05007584	Enzyme modulator	DisGeNET
5879	RAC1	ENSG00000136238	protein-coding	P63000	0.421	0.875	0.99948	DTO_05007584	Enzyme modulator	DisGeNET
29127	RACGAP1	ENSG00000161800	protein-coding	Q9H0H5	0.568	0.75	0.86594	DTO_05007584	Enzyme modulator	DisGeNET
5885	RAD21	ENSG00000164754	protein-coding	O60216	0.496	0.833	1.0			DisGeNET
10111	RAD50	ENSG00000113522	protein-coding	Q92878	0.517	0.875	1.0923e-33			DisGeNET
5893	RAD52	ENSG00000002016	protein-coding	P43351	0.599	0.75	3.718e-16	DTO_05007557	Nucleic acid binding	DisGeNET
8438	RAD54L	ENSG00000085999	protein-coding	Q92698	0.61	0.708	1.6651e-19			DisGeNET
5897	RAG2	ENSG00000175097	protein-coding	P55895	0.514	0.833	0.022105			DisGeNET
5914	RARA	ENSG00000131759	protein-coding	P10276	0.482	0.875	1.0	DTO_00102000	Nuclear receptor	DisGeNET
5925	RB1	ENSG00000139687	protein-coding	P06400	0.371	0.875	1.0	DTO_05007557	Nucleic acid binding	DisGeNET
1827	RCAN1	ENSG00000159200	protein-coding	P53805	0.558	0.792	0.015233	DTO_05007599	Signaling	DisGeNET
10231	RCAN2	ENSG00000172348	protein-coding	Q14206	0.655	0.583	0.55281	DTO_05007599	Signaling	DisGeNET
5962	RDX	ENSG00000137710	protein-coding	P35241	0.582	0.708	0.65087	DTO_05007530	Cellular structure	DisGeNET
5965	RECQL	ENSG00000004700	protein-coding	P46063	0.59	0.708	1.0223e-19	DTO_05007624	Enzyme	DisGeNET
5972	REN	ENSG00000143839	protein-coding	P00797	0.445	0.875	1.7791e-12	DTO_05007624	Enzyme	DisGeNET
5979	RET	ENSG00000165731	protein-coding	P07949	0.392	0.875	1.0	DTO_03300101	Kinase	DisGeNET
9104	RGN	ENSG00000130988	protein-coding	Q15493	0.579	0.792		DTO_05007624	Enzyme	DisGeNET
6016	RIT1	ENSG00000143622	protein-coding	Q92963	0.54	0.833	0.96101	DTO_05007584	Enzyme modulator	DisGeNET
390	RND3	ENSG00000115963	protein-coding	P61587	0.605	0.708	0.9506	DTO_05007584	Enzyme modulator	DisGeNET
114804	RNF157	ENSG00000141576	protein-coding	Q96PX1	0.744	0.542	1.9281e-08	DTO_05007624	Enzyme	DisGeNET
54894	RNF43	ENSG00000108375	protein-coding	Q68DV7	0.536	0.625	0.00063189			DisGeNET
6091	ROBO1	ENSG00000169855	protein-coding	Q9Y6N7	0.483	0.875	3.1749e-31			DisGeNET
6194	RPS6	ENSG00000137154	protein-coding	P62753	0.562	0.833	1.0	DTO_05007557	Nucleic acid binding	DisGeNET
6197	RPS6KA3	ENSG00000177189	protein-coding	P51812	0.511	0.833		DTO_03300101	Kinase	DisGeNET
6240	RRM1	ENSG00000167325	protein-coding	P23921	0.496	0.875	1.0	DTO_05007624	Enzyme	DisGeNET
6241	RRM2	ENSG00000171848	protein-coding	P31350	0.518	0.792	0.99999	DTO_05007624	Enzyme	DisGeNET
84870	RSPO3	ENSG00000146374	protein-coding	Q9BXY4	0.573	0.792	0.014898			DisGeNET
83597	RTP3	ENSG00000163825	protein-coding	Q9BQQ7	0.808	0.167	0.48109			DisGeNET
864	RUNX3	ENSG00000020633	protein-coding	Q13761	0.461	0.792	0.37225	DTO_05007542	Transcription factor	DisGeNET
6263	RYR3	ENSG00000198838	protein-coding	Q15413	0.56	0.792	1.0	DTO_01300327	Ion channel	DisGeNET
25813	SAMM50	ENSG00000100347	protein-coding	Q9Y512	0.664	0.583	2.9731e-05			DisGeNET
22937	SCAP	ENSG00000114650	protein-coding	Q12770	0.612	0.625	8.531e-10			DisGeNET
949	SCARB1	ENSG00000073060	protein-coding	Q8WTV0	0.515	0.917	0.00020599	DTO_05007575	Receptor	DisGeNET
6319	SCD	ENSG00000099194	protein-coding	O00767	0.488	0.875	1.0			DisGeNET
5265	SERPINA1	ENSG00000197249	protein-coding	P01009	0.379	0.875	8.1899e-07	DTO_05007584	Enzyme modulator	DisGeNET
5267	SERPINA4	ENSG00000100665	protein-coding	P29622	0.557	0.75	3.411e-08	DTO_05007584	Enzyme modulator	DisGeNET
866	SERPINA6	ENSG00000170099	protein-coding	P08185	0.6	0.875	1.827e-05	DTO_05007584	Enzyme modulator	DisGeNET
5055	SERPINB2	ENSG00000197632	protein-coding	P05120	0.526	0.833	9.424e-07	DTO_05007584	Enzyme modulator	DisGeNET
5054	SERPINE1	ENSG00000106366	protein-coding	P05121	0.364	0.917	0.03418	DTO_05007584	Enzyme modulator	DisGeNET
5176	SERPINF1	ENSG00000132386	protein-coding	P36955	0.46	0.875	1.8885e-08	DTO_05007584	Enzyme modulator	DisGeNET
710	SERPING1	ENSG00000149131	protein-coding	P05155	0.489	0.875	0.99999	DTO_05007584	Enzyme modulator	DisGeNET
871	SERPINH1	ENSG00000149257	protein-coding	P50454	0.491	0.875	3.2417e-05	DTO_05007584	Enzyme modulator	DisGeNET
23451	SF3B1	ENSG00000115524	protein-coding	O75533	0.514	0.792	1.0	DTO_05007557	Nucleic acid binding	DisGeNET
10262	SF3B4	ENSG00000143368	protein-coding	Q15427	0.54	0.75	0.99997			DisGeNET
2810	SFN	ENSG00000175793	protein-coding	P31947	0.466	0.875	0.96481	DTO_05007613	Chaperone	DisGeNET
6422	SFRP1	ENSG00000104332	protein-coding	Q8N474	0.48	0.875	0.4785			DisGeNET
6455	SH3GL1	ENSG00000141985	protein-coding	Q99961	0.646	0.542	0.11248			DisGeNET
6464	SHC1	ENSG00000160691	protein-coding	P29353	0.502	0.792	0.00036723	DTO_05007599	Signaling	DisGeNET
6469	SHH	ENSG00000164690	protein-coding	Q15465	0.396	0.917	0.97506			DisGeNET
23235	SIK2	ENSG00000170145	protein-coding	Q9H0K1	0.588	0.708	0.99999	DTO_03300101	Kinase	DisGeNET
23411	SIRT1	ENSG00000096717	protein-coding	Q96EB6	0.378	0.875	0.89742	DTO_05007378	Epigenetic regulator	DisGeNET
220134	SKA1	ENSG00000154839	protein-coding	Q96BD8	0.622	0.625	0.11359			DisGeNET
221150	SKA3	ENSG00000165480	protein-coding	Q8IX90	0.628	0.5	7.1744e-08			DisGeNET
6502	SKP2	ENSG00000145604	protein-coding	Q13309	0.479	0.833	0.94279			DisGeNET
6554	SLC10A1	ENSG00000100652	protein-coding	Q14973	0.614	0.583	7.4684e-17	DTO_05007405	Transporter	DisGeNET
26266	SLC13A4	ENSG00000164707	protein-coding	Q9UKG4	0.763	0.458	0.99677	DTO_05007405	Transporter	DisGeNET
10246	SLC17A2	ENSG00000112337	protein-coding	O00624	0.572	0.833	1.7431e-08	DTO_05007405	Transporter	DisGeNET
6580	SLC22A1	ENSG00000175003	protein-coding	O15245	0.549	0.833	1.7143e-15	DTO_05007405	Transporter	DisGeNET
387775	SLC22A10	ENSG00000184999	protein-coding	Q63ZE4	0.728	0.542	3.1377e-17	DTO_05007405	Transporter	DisGeNET
9376	SLC22A8	ENSG00000149452	protein-coding	Q8TCC7	0.655	0.708	7.9361e-09	DTO_05007405	Transporter	DisGeNET
283600	SLC25A47	ENSG00000140107	protein-coding	Q6Q0C1	0.787	0.375	8.1088e-14	DTO_05007405	Transporter	DisGeNET
65010	SLC26A6	ENSG00000225697	protein-coding	Q9BXS9	0.699	0.458	1.1912e-17	DTO_01300327	Ion channel	DisGeNET
6513	SLC2A1	ENSG00000117394	protein-coding	P11166	0.399	0.875	1.0	DTO_05007405	Transporter	DisGeNET
6514	SLC2A2	ENSG00000163581	protein-coding	P11168	0.542	0.75	5.0661e-06	DTO_05007405	Transporter	DisGeNET
55532	SLC30A10	ENSG00000196660	protein-coding	Q6XR72	0.562	0.792	0.01132	DTO_05007405	Transporter	DisGeNET
81539	SLC38A1	ENSG00000111371	protein-coding	Q9H2H9	0.619	0.833	0.96739	DTO_05007405	Transporter	DisGeNET
6528	SLC5A5	ENSG00000105641	protein-coding	Q92911	0.528	0.833	1.3011e-14	DTO_05007405	Transporter	DisGeNET
6532	SLC6A4	ENSG00000108576	protein-coding	P31645	0.437	0.875	0.99985	DTO_05007405	Transporter	DisGeNET
8140	SLC7A5	ENSG00000103257	protein-coding	Q01650	0.483	0.875	0.2885	DTO_05007405	Transporter	DisGeNET
9353	SLIT2	ENSG00000145147	protein-coding	O94813	0.493	0.833	1.0			DisGeNET
4088	SMAD3	ENSG00000166949	protein-coding	P84022	0.399	0.875	0.99998	DTO_05007542	Transcription factor	DisGeNET
6597	SMARCA4	ENSG00000127616	protein-coding	P51532	0.423	0.875	1.0	DTO_05007378	Epigenetic regulator	DisGeNET
9126	SMC3	ENSG00000108055	protein-coding	Q9UQE7	0.525	0.833	1.0			DisGeNET
6608	SMO	ENSG00000128602	protein-coding	Q99835	0.446	0.875	5.2856e-06	DTO_02300001	G-protein coupled receptor	DisGeNET
6615	SNAI1	ENSG00000124216	protein-coding	O95863	0.45	0.833	0.0019054			DisGeNET
6635	SNRPE	ENSG00000182004	protein-coding	P62304	0.689	0.625	0.68075	DTO_05007557	Nucleic acid binding	DisGeNET
81609	SNX27	ENSG00000143376	protein-coding	Q96L92	0.639	0.667	0.93281			DisGeNET
8435	SOAT2	ENSG00000167780	protein-coding	O75908	0.567	0.75	1.8089e-34	DTO_05007624	Enzyme	DisGeNET
8651	SOCS1	ENSG00000185338	protein-coding	O15524	0.446	0.875	0.12164	DTO_05007584	Enzyme modulator	DisGeNET
8835	SOCS2	ENSG00000120833	protein-coding	O14508	0.53	0.833	0.024851	DTO_05007584	Enzyme modulator	DisGeNET
9021	SOCS3	ENSG00000184557	protein-coding	O14543	0.433	0.875	0.19014	DTO_05007584	Enzyme modulator	DisGeNET
6647	SOD1	ENSG00000142168	protein-coding	P00441	0.372	0.958	0.011954	DTO_05007624	Enzyme	DisGeNET
6648	SOD2	ENSG00000291237	protein-coding	P04179	0.384	0.958	0.032187	DTO_05007624	Enzyme	DisGeNET
11063	SOX30	ENSG00000039600	protein-coding	O94993	0.669	0.542	0.98558			DisGeNET
9043	SPAG9	ENSG00000008294	protein-coding	O60271	0.575	0.792	1.0	DTO_05007584	Enzyme modulator	DisGeNET
6678	SPARC	ENSG00000113140	protein-coding	P09486	0.436	0.875	6.332e-05	DTO_05007599	Signaling	DisGeNET
57405	SPC25	ENSG00000152253	protein-coding	Q9HBM1	0.653	0.625	4.8241e-05			DisGeNET
6695	SPOCK1	ENSG00000152377	protein-coding	Q08629	0.578	0.833	0.37904	DTO_05007584	Enzyme modulator	DisGeNET
8405	SPOP	ENSG00000121067	protein-coding	O43791	0.529	0.833	0.99995			DisGeNET
6696	SPP1	ENSG00000118785	protein-coding	P10451	0.354	0.875	1.7258e-07			DisGeNET
83932	SPRTN	ENSG00000010072	protein-coding	Q9H040	0.68	0.625	0.94863			DisGeNET
6720	SREBF1	ENSG00000072310	protein-coding	P36956	0.472	0.875	3.898e-06			DisGeNET
6721	SREBF2	ENSG00000198911	protein-coding	Q12772	0.51	0.792	0.00010815			DisGeNET
8406	SRPX	ENSG00000101955	protein-coding	P78539	0.542	0.875				DisGeNET
6427	SRSF2	ENSG00000161547	protein-coding	Q01130	0.522	0.875	0.9308	DTO_05007557	Nucleic acid binding	DisGeNET
6756	SSX1	ENSG00000126752	protein-coding	Q16384	0.683	0.5		DTO_05007557	Nucleic acid binding	DisGeNET
55576	STAB2	ENSG00000136011	protein-coding	Q8WWQ8	0.659	0.625	1.1793e-74			DisGeNET
6772	STAT1	ENSG00000115415	protein-coding	P42224	0.38	0.875	1.0	DTO_05007557	Nucleic acid binding	DisGeNET
6775	STAT4	ENSG00000138378	protein-coding	Q14765	0.444	0.875	0.93228	DTO_05007557	Nucleic acid binding	DisGeNET
8614	STC2	ENSG00000113739	protein-coding	O76061	0.555	0.75	0.13827	DTO_05007599	Signaling	DisGeNET
3925	STMN1	ENSG00000117632	protein-coding	P16949	0.474	0.875	0.99457			DisGeNET
10460	TACC3	ENSG00000013810	protein-coding	Q9Y6A5	0.555	0.667	3.6738e-10			DisGeNET
8407	TAGLN2	ENSG00000158710	protein-coding	P37802	0.578	0.667	0.0074187	DTO_05007530	Cellular structure	DisGeNET
6888	TALDO1	ENSG00000177156	protein-coding	P37837	0.592	0.792	2.3361e-08			DisGeNET
83940	TATDN1	ENSG00000147687	protein-coding	Q6P1N9	0.797	0.375	3.8794e-07			DisGeNET
6941	TCF19	ENSG00000137310	protein-coding	Q9Y242	0.482	0.875	0.017949			DisGeNET
56892	TCIM	ENSG00000176907	protein-coding	Q9NR00	0.616	0.708	0.16131			DisGeNET
80178	TEDC2	ENSG00000162062	protein-coding	Q7L2K0	0.778	0.333	5.6594e-20			DisGeNET
7011	TEP1	ENSG00000129566	protein-coding	Q99973	0.616	0.708	5.511e-61			DisGeNET
7015	TERT	ENSG00000164362	protein-coding	O14746	0.355	0.917	0.0018566	DTO_05007624	Enzyme	DisGeNET
54790	TET2	ENSG00000168769	protein-coding	Q6N021	0.426	0.875	9.5545e-155			DisGeNET
7019	TFAM	ENSG00000108064	protein-coding	Q00059	0.505	0.875	0.086114			DisGeNET
7035	TFPI	ENSG00000003436	protein-coding	P10646	0.493	0.792	0.9004	DTO_05007584	Enzyme modulator	DisGeNET
7980	TFPI2	ENSG00000105825	protein-coding	P48307	0.54	0.792	7.4767e-08	DTO_05007584	Enzyme modulator	DisGeNET
7038	TG	ENSG00000042832	protein-coding	P01266	0.454	0.875	2.0023e-70	DTO_05007584	Enzyme modulator	DisGeNET
7039	TGFA	ENSG00000163235	protein-coding	P01135	0.405	0.875	0.003239	DTO_05007599	Signaling	DisGeNET
7040	TGFB1	ENSG00000105329	protein-coding	P01137	0.275	0.917	0.025965	DTO_05007599	Signaling	DisGeNET
7042	TGFB2	ENSG00000092969	protein-coding	P61812	0.325	0.875	0.99606	DTO_05007599	Signaling	DisGeNET
7046	TGFBR1	ENSG00000106799	protein-coding	P36897	0.433	0.875	0.96321	DTO_03300101	Kinase	DisGeNET
7053	TGM3	ENSG00000125780	protein-coding	Q08188	0.617	0.667	6.8932e-13	DTO_05007624	Enzyme	DisGeNET
7054	TH	ENSG00000180176	protein-coding	P07101	0.469	0.875	3.2094e-17			DisGeNET
7057	THBS1	ENSG00000137801	protein-coding	P07996	0.4	0.875	1.0			DisGeNET
117145	THEM4	ENSG00000159445	protein-coding	Q5T1C6	0.655	0.667	7.5878e-07			DisGeNET
7070	THY1	ENSG00000154096	protein-coding	P04216	0.472	0.833	0.0054152			DisGeNET
90381	TICRR	ENSG00000140534	protein-coding	Q7Z2Z1	0.692	0.583	3.5614e-32			DisGeNET
91937	TIMD4	ENSG00000145850	protein-coding	Q96H15	0.601	0.708	8.6813e-08			DisGeNET
7083	TK1	ENSG00000167900	protein-coding	P04183	0.469	0.833	0.0049485	DTO_03300101	Kinase	DisGeNET
7097	TLR2	ENSG00000137462	protein-coding	O60603	0.367	0.875	5.7976e-05			DisGeNET
7098	TLR3	ENSG00000164342	protein-coding	O15455	0.424	0.875	1.2583e-08	DTO_05007575	Receptor	DisGeNET
7099	TLR4	ENSG00000136869	protein-coding	O00206	0.328	0.917	0.00040578			DisGeNET
51284	TLR7	ENSG00000196664	protein-coding	Q9NYK1	0.435	0.875				DisGeNET
54106	TLR9	ENSG00000239732	protein-coding	Q9NR96	0.413	0.875	1.0365e-06			DisGeNET
53345	TM6SF2	ENSG00000213996	protein-coding	Q9BZW4	0.574	0.75	1.338e-07			DisGeNET
91147	TMEM67	ENSG00000164953	protein-coding	Q5HYA8	0.513	0.75	3.0272e-18			DisGeNET
54968	TMEM70	ENSG00000175606	protein-coding	Q9BUB7	0.602	0.75	6.1121e-07			DisGeNET
7124	TNF	ENSG00000232810	protein-coding	P01375	0.246	0.958	0.85687	DTO_05007599	Signaling	DisGeNET
7133	TNFRSF1B	ENSG00000028137	protein-coding	P20333	0.404	0.875	0.10032			DisGeNET
8743	TNFSF10	ENSG00000121858	protein-coding	P50591	0.432	0.833	0.020246	DTO_05007599	Signaling	DisGeNET
4796	TONSL	ENSG00000160949	protein-coding	Q96HA7	0.493	0.833	2.4713e-33			DisGeNET
7153	TOP2A	ENSG00000131747	protein-coding	P11388	0.485	0.792	1.0			DisGeNET
7157	TP53	ENSG00000141510	protein-coding	P04637	0.248	0.958	0.99795	DTO_05007542	Transcription factor	DisGeNET
22974	TPX2	ENSG00000088325	protein-coding	Q9ULW0	0.527	0.833	1.0	DTO_05007530	Cellular structure	DisGeNET
84231	TRAF7	ENSG00000131653	protein-coding	Q6Q0C0	0.534	0.792	1.6501e-06			DisGeNET
10293	TRAIP	ENSG00000183763	protein-coding	Q9BWF2	0.582	0.833	1.7351e-06			DisGeNET
10221	TRIB1	ENSG00000173334	protein-coding	Q96RU8	0.578	0.625	0.018681	DTO_03300101	Kinase	DisGeNET
57761	TRIB3	ENSG00000101255	protein-coding	Q96RU7	0.522	0.75	8.6162e-09	DTO_03300101	Kinase	DisGeNET
8805	TRIM24	ENSG00000122779	protein-coding	O15164	0.566	0.75	1.0			DisGeNET
9319	TRIP13	ENSG00000071539	protein-coding	Q15645	0.515	0.875	0.18867			DisGeNET
10024	TROAP	ENSG00000135451	protein-coding	Q12815	0.683	0.458	4.584e-16			DisGeNET
54822	TRPM7	ENSG00000092439	protein-coding	Q96QT4	0.509	0.875	1.6428e-17	DTO_01300327	Ion channel	DisGeNET
7248	TSC1	ENSG00000165699	protein-coding	Q92574	0.44	0.875	1.0			DisGeNET
85480	TSLP	ENSG00000145777	protein-coding	Q969D9	0.47	0.875	5.8695e-05			DisGeNET
7263	TST	ENSG00000128311	protein-coding	Q16762	0.659	0.667	1.2175e-09	DTO_05007624	Enzyme	DisGeNET
143941	TTC36	ENSG00000172425	protein-coding	A6NLP5	0.763	0.375	3.736e-07			DisGeNET
7272	TTK	ENSG00000112742	protein-coding	P33981	0.558	0.708	2.8657e-07	DTO_03300101	Kinase	DisGeNET
55000	TUG1	ENSG00000253352	protein-coding	A0A6I8PU40	0.494	0.833				DisGeNET
7298	TYMS	ENSG00000176890	protein-coding	P04818	0.434	0.875	0.00025709	DTO_05007624	Enzyme	DisGeNET
10537	UBD	ENSG00000213886	protein-coding	O15205	0.528	0.792	0.35847			DisGeNET
11065	UBE2C	ENSG00000175063	protein-coding	O00762	0.533	0.75	0.00010999			DisGeNET
7325	UBE2E2	ENSG00000182247	protein-coding	Q96LR5	0.635	0.75	0.9813			DisGeNET
29089	UBE2T	ENSG00000077152	protein-coding	Q9NPD8	0.515	0.833	0.082566			DisGeNET
7345	UCHL1	ENSG00000154277	protein-coding	P09936	0.418	0.875	0.99978	DTO_05007624	Enzyme	DisGeNET
29128	UHRF1	ENSG00000276043	protein-coding	Q96T88	0.514	0.833	1.0			DisGeNET
7372	UMPS	ENSG00000114491	protein-coding	P11172	0.585	0.792	0.0026375			DisGeNET
81622	UNC93B1	ENSG00000110057	protein-coding	Q9H1C4	0.609	0.792	1.2372e-09			DisGeNET
131669	UROC1	ENSG00000159650	protein-coding	Q96N76	0.787	0.375	3.5702e-25			DisGeNET
9099	USP2	ENSG00000036672	protein-coding	O75604	0.582	0.792	0.0027592	DTO_05007624	Enzyme	DisGeNET
7375	USP4	ENSG00000114316	protein-coding	Q13107	0.586	0.75	3.9081e-12	DTO_05007624	Enzyme	DisGeNET
22846	VASH1	ENSG00000071246	protein-coding	Q7L8A9	0.566	0.667	0.0020769			DisGeNET
114990	VASN	ENSG00000168140	protein-coding	Q6EMK4	0.639	0.542	2.2919e-06	DTO_05007575	Receptor	DisGeNET
7412	VCAM1	ENSG00000162692	protein-coding	P19320	0.39	0.917	4.069e-09			DisGeNET
7421	VDR	ENSG00000111424	protein-coding	P11473	0.365	0.917	0.0107	DTO_00102000	Nuclear receptor	DisGeNET
7422	VEGFA	ENSG00000112715	protein-coding	P15692	0.275	0.917	0.1881	DTO_05007599	Signaling	DisGeNET
7423	VEGFB	ENSG00000173511	protein-coding	P49765	0.533	0.792	1.4942e-09	DTO_05007599	Signaling	DisGeNET
7431	VIM	ENSG00000026025	protein-coding	P08670	0.373	0.875	0.85772			DisGeNET
7433	VIPR1	ENSG00000114812	protein-coding	P32241	0.575	0.792	1.5422e-23	DTO_02300001	G-protein coupled receptor	DisGeNET
7436	VLDLR	ENSG00000147852	protein-coding	P98155	0.55	0.792	5.7808e-18			DisGeNET
11326	VSIG4	ENSG00000155659	protein-coding	Q9Y279	0.591	0.708				DisGeNET
7448	VTN	ENSG00000109072	protein-coding	P04004	0.527	0.833	6.2818e-14			DisGeNET
284403	WDR62	ENSG00000075702	protein-coding	O43379	0.592	0.625	9.9584e-26			DisGeNET
79968	WDR76	ENSG00000092470	protein-coding	Q9H967	0.744	0.292	5.0151e-12			DisGeNET
7472	WNT2	ENSG00000105989	protein-coding	P09544	0.399	0.875	0.97203	DTO_05007599	Signaling	DisGeNET
7494	XBP1	ENSG00000100219	protein-coding	P17861	0.463	0.875				DisGeNET
7514	XPO1	ENSG00000082898	protein-coding	O14980	0.498	0.833	1.0	DTO_05007575	Receptor	DisGeNET
57510	XPO5	ENSG00000124571	protein-coding	Q9HAV4	0.591	0.792	1.0	DTO_05007575	Receptor	DisGeNET
7515	XRCC1	ENSG00000073050	protein-coding	P18887	0.442	0.875	2.1913e-10			DisGeNET
10413	YAP1	ENSG00000137693	protein-coding	P46937	0.384	0.917	1.0	DTO_05007584	Enzyme modulator	DisGeNET
51441	YTHDF2	ENSG00000198492	protein-coding	Q9Y5A9	0.513	0.792	1.0			DisGeNET
340152	ZC3H12D	ENSG00000178199	protein-coding	A2A288	0.655	0.583	0.026294	DTO_05007557	Nucleic acid binding	DisGeNET
51201	ZDHHC2	ENSG00000104219	protein-coding	Q9UIJ5	0.62	0.708	1.9265e-15			DisGeNET
463	ZFHX3	ENSG00000140836	protein-coding	Q15911	0.506	0.917	1.0			DisGeNET
7538	ZFP36	ENSG00000128016	protein-coding	P26651	0.514	0.833	0.0011648	DTO_05007557	Nucleic acid binding	DisGeNET
7546	ZIC2	ENSG00000043355	protein-coding	O95409	0.508	0.833	0.96473	DTO_05007542	Transcription factor	DisGeNET
84107	ZIC4	ENSG00000174963	protein-coding	Q8N9L1	0.653	0.667	0.0056074	DTO_05007542	Transcription factor	DisGeNET
85416	ZIC5	ENSG00000139800	protein-coding	Q96T25	0.659	0.542	3.4328e-07	DTO_05007542	Transcription factor	DisGeNET
7571	ZNF23	ENSG00000167377	protein-coding	P17027	0.808	0.333	5.5607e-11			DisGeNET
11130	ZWINT	ENSG00000122952	protein-coding	O95229	0.655	0.667	4.8417e-14			DisGeNET
