hmdb_id	name	kingdom	super_class	class
HMDB0000036	Taurocholic acid	Organic compounds	Lipids and lipid-like molecules	Steroids and steroid derivatives
HMDB0000039	Butyric acid	Organic compounds	Lipids and lipid-like molecules	Fatty Acyls
HMDB0000042	Acetic acid	Organic compounds	Organic acids and derivatives	Carboxylic acids and derivatives
HMDB0000108	Ethanol	Organic compounds	Organic oxygen compounds	Organooxygen compounds
HMDB0000191	L-Aspartic acid	Organic compounds	Organic acids and derivatives	Carboxylic acids and derivatives
HMDB0000222	Palmitoylcarnitine	Organic compounds	Lipids and lipid-like molecules	Fatty Acyls
HMDB0000228	Phenol	Organic compounds	Benzenoids	Phenols
HMDB0000294	Urea	Organic compounds	Organic acids and derivatives	Organic carbonic acids and derivatives
HMDB0000306	Tyramine	Organic compounds	Benzenoids	Benzene and substituted derivatives
HMDB0000467	Nutriacholic acid	Organic compounds	Lipids and lipid-like molecules	Steroids and steroid derivatives
HMDB0000518	Chenodeoxycholic acid	Organic compounds	Lipids and lipid-like molecules	Steroids and steroid derivatives
HMDB0000619	Cholic acid	Organic compounds	Lipids and lipid-like molecules	Steroids and steroid derivatives
HMDB0000673	Linoleic acid	Organic compounds	Lipids and lipid-like molecules	Fatty Acyls
HMDB0000699	1-Methylnicotinamide	Organic compounds	Organoheterocyclic compounds	Pyridines and derivatives
HMDB0000820	Propyl alcohol	Organic compounds	Organic oxygen compounds	Organooxygen compounds
HMDB0000863	Isopropyl alcohol	Organic compounds	Organic oxygen compounds	Organooxygen compounds
HMDB0000990	Acetaldehyde	Organic compounds	Organic oxygen compounds	Organooxygen compounds
HMDB0001842	Guanidine	Organic compounds	Organic nitrogen compounds	Organonitrogen compounds
HMDB0001875	Methanol	Organic compounds	Organic oxygen compounds	Organooxygen compounds
HMDB0001881	Propylene glycol	Organic compounds	Organic oxygen compounds	Organooxygen compounds
HMDB0002303	Dimethylsulfide	Organic compounds	Organosulfur compounds	Thioethers
HMDB0002497	Glycochenodeoxycholate-3-sulfate	Organic compounds	Lipids and lipid-like molecules	Steroids and steroid derivatives
HMDB0002815	LysoPC(18:1(9Z)/0:0)	Organic compounds	Lipids and lipid-like molecules	Glycerophospholipids
HMDB0002917	D-Xylitol	Organic compounds	Organic oxygen compounds	Organooxygen compounds
HMDB0003366	Propanal	Organic compounds	Organic oxygen compounds	Organooxygen compounds
HMDB0003375	(+)-Limonene	Organic compounds	Lipids and lipid-like molecules	Prenol lipids
HMDB0004327	1-Butanol	Organic compounds	Organic oxygen compounds	Organooxygen compounds
HMDB0004825	p-Octopamine	Organic compounds	Benzenoids	Phenols
HMDB0006006	Isobutanol	Organic compounds	Organic oxygen compounds	Organooxygen compounds
HMDB0010382	LysoPC(16:0/0:0)	Organic compounds	Lipids and lipid-like molecules	Glycerophospholipids
HMDB0010384	LysoPC(18:0/0:0)	Organic compounds	Lipids and lipid-like molecules	Glycerophospholipids
HMDB0010386	LysoPC(18:2(9Z,12Z)/0:0)	Organic compounds	Lipids and lipid-like molecules	Glycerophospholipids
HMDB0012157	3-Methyl-2-butenal	Organic compounds	Organic oxygen compounds	Organooxygen compounds
HMDB0013036	1-Pentanol	Organic compounds	Organic oxygen compounds	Organooxygen compounds
HMDB0031206	Pentanal	Organic compounds	Organic oxygen compounds	Organooxygen compounds
HMDB0031243	2-Methylpropanal	Organic compounds	Organic oxygen compounds	Organooxygen compounds
