relationship_id	gene_id	gene_symbol	ensembl_gene_id	tissue_id	n_tpm	expression_unit	assay	source
HPA_TISSUE_RNA:10024|liver	10024	TROAP	ENSG00000135451	HPA_TISSUE:liver	1.6	nTPM	RNA consensus tissue	Human Protein Atlas
HPA_TISSUE_RNA:100507436|liver	100507436	MICA	ENSG00000204520	HPA_TISSUE:liver	29.0	nTPM	RNA consensus tissue	Human Protein Atlas
HPA_TISSUE_RNA:10056|liver	10056	FARSB	ENSG00000116120	HPA_TISSUE:liver	6.6	nTPM	RNA consensus tissue	Human Protein Atlas
HPA_TISSUE_RNA:10111|liver	10111	RAD50	ENSG00000113522	HPA_TISSUE:liver	6.3	nTPM	RNA consensus tissue	Human Protein Atlas
HPA_TISSUE_RNA:10112|liver	10112	KIF20A	ENSG00000112984	HPA_TISSUE:liver	0.8	nTPM	RNA consensus tissue	Human Protein Atlas
HPA_TISSUE_RNA:101180976|liver	101180976	IFNL4	ENSG00000272395	HPA_TISSUE:liver	0.0	nTPM	RNA consensus tissue	Human Protein Atlas
HPA_TISSUE_RNA:1012|liver	1012	CDH13	ENSG00000140945	HPA_TISSUE:liver	1.6	nTPM	RNA consensus tissue	Human Protein Atlas
HPA_TISSUE_RNA:1019|liver	1019	CDK4	ENSG00000135446	HPA_TISSUE:liver	51.4	nTPM	RNA consensus tissue	Human Protein Atlas
HPA_TISSUE_RNA:10221|liver	10221	TRIB1	ENSG00000173334	HPA_TISSUE:liver	130.5	nTPM	RNA consensus tissue	Human Protein Atlas
HPA_TISSUE_RNA:10231|liver	10231	RCAN2	ENSG00000172348	HPA_TISSUE:liver	4.6	nTPM	RNA consensus tissue	Human Protein Atlas
HPA_TISSUE_RNA:10246|liver	10246	SLC17A2	ENSG00000112337	HPA_TISSUE:liver	74.4	nTPM	RNA consensus tissue	Human Protein Atlas
HPA_TISSUE_RNA:10262|liver	10262	SF3B4	ENSG00000143368	HPA_TISSUE:liver	34.6	nTPM	RNA consensus tissue	Human Protein Atlas
HPA_TISSUE_RNA:1027|liver	1027	CDKN1B	ENSG00000111276	HPA_TISSUE:liver	34.9	nTPM	RNA consensus tissue	Human Protein Atlas
HPA_TISSUE_RNA:10293|liver	10293	TRAIP	ENSG00000183763	HPA_TISSUE:liver	0.7	nTPM	RNA consensus tissue	Human Protein Atlas
HPA_TISSUE_RNA:1029|liver	1029	CDKN2A	ENSG00000147889	HPA_TISSUE:liver	0.8	nTPM	RNA consensus tissue	Human Protein Atlas
HPA_TISSUE_RNA:1030|liver	1030	CDKN2B	ENSG00000147883	HPA_TISSUE:liver	1.1	nTPM	RNA consensus tissue	Human Protein Atlas
HPA_TISSUE_RNA:1031|liver	1031	CDKN2C	ENSG00000123080	HPA_TISSUE:liver	6.7	nTPM	RNA consensus tissue	Human Protein Atlas
HPA_TISSUE_RNA:10327|liver	10327	AKR1A1	ENSG00000117448	HPA_TISSUE:liver	302.3	nTPM	RNA consensus tissue	Human Protein Atlas
HPA_TISSUE_RNA:10332|liver	10332	CLEC4M	ENSG00000104938	HPA_TISSUE:liver	58.6	nTPM	RNA consensus tissue	Human Protein Atlas
HPA_TISSUE_RNA:1033|liver	1033	CDKN3	ENSG00000100526	HPA_TISSUE:liver	2.2	nTPM	RNA consensus tissue	Human Protein Atlas
HPA_TISSUE_RNA:103|liver	103	ADAR	ENSG00000160710	HPA_TISSUE:liver	52.5	nTPM	RNA consensus tissue	Human Protein Atlas
HPA_TISSUE_RNA:10400|liver	10400	PEMT	ENSG00000133027	HPA_TISSUE:liver	259.1	nTPM	RNA consensus tissue	Human Protein Atlas
HPA_TISSUE_RNA:10403|liver	10403	NDC80	ENSG00000080986	HPA_TISSUE:liver	1.5	nTPM	RNA consensus tissue	Human Protein Atlas
HPA_TISSUE_RNA:10413|liver	10413	YAP1	ENSG00000137693	HPA_TISSUE:liver	31.3	nTPM	RNA consensus tissue	Human Protein Atlas
HPA_TISSUE_RNA:10437|liver	10437	IFI30	ENSG00000216490	HPA_TISSUE:liver	138.4	nTPM	RNA consensus tissue	Human Protein Atlas
HPA_TISSUE_RNA:10460|liver	10460	TACC3	ENSG00000013810	HPA_TISSUE:liver	3.7	nTPM	RNA consensus tissue	Human Protein Atlas
HPA_TISSUE_RNA:10468|liver	10468	FST	ENSG00000134363	HPA_TISSUE:liver	66.8	nTPM	RNA consensus tissue	Human Protein Atlas
HPA_TISSUE_RNA:10476|liver	10476	ATP5PD	ENSG00000167863	HPA_TISSUE:liver	423.6	nTPM	RNA consensus tissue	Human Protein Atlas
HPA_TISSUE_RNA:10486|liver	10486	CAP2	ENSG00000112186	HPA_TISSUE:liver	4.2	nTPM	RNA consensus tissue	Human Protein Atlas
HPA_TISSUE_RNA:1050|liver	1050	CEBPA	ENSG00000245848	HPA_TISSUE:liver	198.2	nTPM	RNA consensus tissue	Human Protein Atlas
HPA_TISSUE_RNA:1051|liver	1051	CEBPB	ENSG00000172216	HPA_TISSUE:liver	227.8	nTPM	RNA consensus tissue	Human Protein Atlas
HPA_TISSUE_RNA:1052|liver	1052	CEBPD	ENSG00000221869	HPA_TISSUE:liver	360.2	nTPM	RNA consensus tissue	Human Protein Atlas
HPA_TISSUE_RNA:10533|liver	10533	ATG7	ENSG00000197548	HPA_TISSUE:liver	11.7	nTPM	RNA consensus tissue	Human Protein Atlas
HPA_TISSUE_RNA:10537|liver	10537	UBD	ENSG00000213886	HPA_TISSUE:liver	30.6	nTPM	RNA consensus tissue	Human Protein Atlas
HPA_TISSUE_RNA:10553|liver	10553	HTATIP2	ENSG00000109854	HPA_TISSUE:liver	91.3	nTPM	RNA consensus tissue	Human Protein Atlas
HPA_TISSUE_RNA:10584|liver	10584	COLEC10	ENSG00000184374	HPA_TISSUE:liver	61.4	nTPM	RNA consensus tissue	Human Protein Atlas
HPA_TISSUE_RNA:1058|liver	1058	CENPA	ENSG00000115163	HPA_TISSUE:liver	0.2	nTPM	RNA consensus tissue	Human Protein Atlas
HPA_TISSUE_RNA:1060|liver	1060	CENPC	ENSG00000145241	HPA_TISSUE:liver	1.3	nTPM	RNA consensus tissue	Human Protein Atlas
HPA_TISSUE_RNA:1062|liver	1062	CENPE	ENSG00000138778	HPA_TISSUE:liver	0.4	nTPM	RNA consensus tissue	Human Protein Atlas
HPA_TISSUE_RNA:10631|liver	10631	POSTN	ENSG00000133110	HPA_TISSUE:liver	12.1	nTPM	RNA consensus tissue	Human Protein Atlas
HPA_TISSUE_RNA:1063|liver	1063	CENPF	ENSG00000117724	HPA_TISSUE:liver	0.4	nTPM	RNA consensus tissue	Human Protein Atlas
HPA_TISSUE_RNA:10642|liver	10642	IGF2BP1	ENSG00000159217	HPA_TISSUE:liver	0.0	nTPM	RNA consensus tissue	Human Protein Atlas
HPA_TISSUE_RNA:10643|liver	10643	IGF2BP3	ENSG00000136231	HPA_TISSUE:liver	0.5	nTPM	RNA consensus tissue	Human Protein Atlas
HPA_TISSUE_RNA:10788|liver	10788	IQGAP2	ENSG00000145703	HPA_TISSUE:liver	105.8	nTPM	RNA consensus tissue	Human Protein Atlas
HPA_TISSUE_RNA:10855|liver	10855	HPSE	ENSG00000173083	HPA_TISSUE:liver	2.2	nTPM	RNA consensus tissue	Human Protein Atlas
HPA_TISSUE_RNA:10891|liver	10891	PPARGC1A	ENSG00000109819	HPA_TISSUE:liver	41.7	nTPM	RNA consensus tissue	Human Protein Atlas
HPA_TISSUE_RNA:10894|liver	10894	LYVE1	ENSG00000133800	HPA_TISSUE:liver	41.3	nTPM	RNA consensus tissue	Human Protein Atlas
HPA_TISSUE_RNA:10935|liver	10935	PRDX3	ENSG00000165672	HPA_TISSUE:liver	533.8	nTPM	RNA consensus tissue	Human Protein Atlas
HPA_TISSUE_RNA:10961|liver	10961	ERP29	ENSG00000089248	HPA_TISSUE:liver	168.2	nTPM	RNA consensus tissue	Human Protein Atlas
HPA_TISSUE_RNA:10987|liver	10987	COPS5	ENSG00000121022	HPA_TISSUE:liver	66.3	nTPM	RNA consensus tissue	Human Protein Atlas
HPA_TISSUE_RNA:10990|liver	10990	LILRB5	ENSG00000105609	HPA_TISSUE:liver	6.6	nTPM	RNA consensus tissue	Human Protein Atlas
HPA_TISSUE_RNA:10|liver	10	NAT2	ENSG00000156006	HPA_TISSUE:liver	120.1	nTPM	RNA consensus tissue	Human Protein Atlas
HPA_TISSUE_RNA:11004|liver	11004	KIF2C	ENSG00000142945	HPA_TISSUE:liver	0.7	nTPM	RNA consensus tissue	Human Protein Atlas
HPA_TISSUE_RNA:11063|liver	11063	SOX30	ENSG00000039600	HPA_TISSUE:liver	0.0	nTPM	RNA consensus tissue	Human Protein Atlas
HPA_TISSUE_RNA:11065|liver	11065	UBE2C	ENSG00000175063	HPA_TISSUE:liver	3.2	nTPM	RNA consensus tissue	Human Protein Atlas
HPA_TISSUE_RNA:11082|liver	11082	ESM1	ENSG00000164283	HPA_TISSUE:liver	2.5	nTPM	RNA consensus tissue	Human Protein Atlas
HPA_TISSUE_RNA:11093|liver	11093	ADAMTS13	ENSG00000160323	HPA_TISSUE:liver	62.5	nTPM	RNA consensus tissue	Human Protein Atlas
HPA_TISSUE_RNA:11130|liver	11130	ZWINT	ENSG00000122952	HPA_TISSUE:liver	4.5	nTPM	RNA consensus tissue	Human Protein Atlas
HPA_TISSUE_RNA:11185|liver	11185	INMT	ENSG00000241644	HPA_TISSUE:liver	22.0	nTPM	RNA consensus tissue	Human Protein Atlas
HPA_TISSUE_RNA:113130|liver	113130	CDCA5	ENSG00000146670	HPA_TISSUE:liver	1.3	nTPM	RNA consensus tissue	Human Protein Atlas
HPA_TISSUE_RNA:11315|liver	11315	PARK7	ENSG00000116288	HPA_TISSUE:liver	370.9	nTPM	RNA consensus tissue	Human Protein Atlas
HPA_TISSUE_RNA:11318|liver	11318	ACKR5	ENSG00000166856	HPA_TISSUE:liver	3.7	nTPM	RNA consensus tissue	Human Protein Atlas
HPA_TISSUE_RNA:1131|liver	1131	CHRM3	ENSG00000133019	HPA_TISSUE:liver	0.4	nTPM	RNA consensus tissue	Human Protein Atlas
HPA_TISSUE_RNA:11326|liver	11326	VSIG4	ENSG00000155659	HPA_TISSUE:liver	47.6	nTPM	RNA consensus tissue	Human Protein Atlas
HPA_TISSUE_RNA:11343|liver	11343	MGLL	ENSG00000074416	HPA_TISSUE:liver	102.6	nTPM	RNA consensus tissue	Human Protein Atlas
HPA_TISSUE_RNA:114548|liver	114548	NLRP3	ENSG00000162711	HPA_TISSUE:liver	2.0	nTPM	RNA consensus tissue	Human Protein Atlas
HPA_TISSUE_RNA:114804|liver	114804	RNF157	ENSG00000141576	HPA_TISSUE:liver	2.3	nTPM	RNA consensus tissue	Human Protein Atlas
HPA_TISSUE_RNA:114990|liver	114990	VASN	ENSG00000168140	HPA_TISSUE:liver	30.3	nTPM	RNA consensus tissue	Human Protein Atlas
HPA_TISSUE_RNA:117145|liver	117145	THEM4	ENSG00000159445	HPA_TISSUE:liver	4.3	nTPM	RNA consensus tissue	Human Protein Atlas
HPA_TISSUE_RNA:118|liver	118	ADD1	ENSG00000087274	HPA_TISSUE:liver	49.7	nTPM	RNA consensus tissue	Human Protein Atlas
HPA_TISSUE_RNA:120227|liver	120227	CYP2R1	ENSG00000186104	HPA_TISSUE:liver	2.1	nTPM	RNA consensus tissue	Human Protein Atlas
HPA_TISSUE_RNA:122953|liver	122953	JDP2	ENSG00000140044	HPA_TISSUE:liver	19.1	nTPM	RNA consensus tissue	Human Protein Atlas
HPA_TISSUE_RNA:1230|liver	1230	CCR1	ENSG00000163823	HPA_TISSUE:liver	16.1	nTPM	RNA consensus tissue	Human Protein Atlas
HPA_TISSUE_RNA:1244|liver	1244	ABCC2	ENSG00000023839	HPA_TISSUE:liver	113.8	nTPM	RNA consensus tissue	Human Protein Atlas
HPA_TISSUE_RNA:1268|liver	1268	CNR1	ENSG00000118432	HPA_TISSUE:liver	0.1	nTPM	RNA consensus tissue	Human Protein Atlas
HPA_TISSUE_RNA:1269|liver	1269	CNR2	ENSG00000188822	HPA_TISSUE:liver	0.1	nTPM	RNA consensus tissue	Human Protein Atlas
HPA_TISSUE_RNA:1277|liver	1277	COL1A1	ENSG00000108821	HPA_TISSUE:liver	34.2	nTPM	RNA consensus tissue	Human Protein Atlas
HPA_TISSUE_RNA:1278|liver	1278	COL1A2	ENSG00000164692	HPA_TISSUE:liver	24.5	nTPM	RNA consensus tissue	Human Protein Atlas
HPA_TISSUE_RNA:127|liver	127	ADH4	ENSG00000198099	HPA_TISSUE:liver	4815.9	nTPM	RNA consensus tissue	Human Protein Atlas
HPA_TISSUE_RNA:1281|liver	1281	COL3A1	ENSG00000168542	HPA_TISSUE:liver	91.0	nTPM	RNA consensus tissue	Human Protein Atlas
HPA_TISSUE_RNA:128239|liver	128239	IQGAP3	ENSG00000183856	HPA_TISSUE:liver	0.6	nTPM	RNA consensus tissue	Human Protein Atlas
HPA_TISSUE_RNA:1290|liver	1290	COL5A2	ENSG00000204262	HPA_TISSUE:liver	11.6	nTPM	RNA consensus tissue	Human Protein Atlas
HPA_TISSUE_RNA:1306|liver	1306	COL15A1	ENSG00000204291	HPA_TISSUE:liver	0.9	nTPM	RNA consensus tissue	Human Protein Atlas
HPA_TISSUE_RNA:1312|liver	1312	COMT	ENSG00000093010	HPA_TISSUE:liver	268.0	nTPM	RNA consensus tissue	Human Protein Atlas
HPA_TISSUE_RNA:131669|liver	131669	UROC1	ENSG00000159650	HPA_TISSUE:liver	112.6	nTPM	RNA consensus tissue	Human Protein Atlas
HPA_TISSUE_RNA:1356|liver	1356	CP	ENSG00000047457	HPA_TISSUE:liver	1750.2	nTPM	RNA consensus tissue	Human Protein Atlas
HPA_TISSUE_RNA:1374|liver	1374	CPT1A	ENSG00000110090	HPA_TISSUE:liver	63.5	nTPM	RNA consensus tissue	Human Protein Atlas
HPA_TISSUE_RNA:1393|liver	1393	CRHBP	ENSG00000145708	HPA_TISSUE:liver	155.7	nTPM	RNA consensus tissue	Human Protein Atlas
HPA_TISSUE_RNA:139420|liver	139420	PPP4R3C	ENSG00000224960	HPA_TISSUE:liver	0.0	nTPM	RNA consensus tissue	Human Protein Atlas
HPA_TISSUE_RNA:1401|liver	1401	CRP	ENSG00000132693	HPA_TISSUE:liver	8524.7	nTPM	RNA consensus tissue	Human Protein Atlas
HPA_TISSUE_RNA:142|liver	142	PARP1	ENSG00000143799	HPA_TISSUE:liver	32.9	nTPM	RNA consensus tissue	Human Protein Atlas
HPA_TISSUE_RNA:1436|liver	1436	CSF1R	ENSG00000182578	HPA_TISSUE:liver	25.7	nTPM	RNA consensus tissue	Human Protein Atlas
HPA_TISSUE_RNA:1437|liver	1437	CSF2	ENSG00000164400	HPA_TISSUE:liver	0.0	nTPM	RNA consensus tissue	Human Protein Atlas
HPA_TISSUE_RNA:143941|liver	143941	TTC36	ENSG00000172425	HPA_TISSUE:liver	235.3	nTPM	RNA consensus tissue	Human Protein Atlas
HPA_TISSUE_RNA:1464|liver	1464	CSPG4	ENSG00000173546	HPA_TISSUE:liver	0.9	nTPM	RNA consensus tissue	Human Protein Atlas
HPA_TISSUE_RNA:146909|liver	146909	KIF18B	ENSG00000186185	HPA_TISSUE:liver	0.4	nTPM	RNA consensus tissue	Human Protein Atlas
HPA_TISSUE_RNA:147372|liver	147372	CCBE1	ENSG00000183287	HPA_TISSUE:liver	5.1	nTPM	RNA consensus tissue	Human Protein Atlas
HPA_TISSUE_RNA:148|liver	148	ADRA1A	ENSG00000120907	HPA_TISSUE:liver	56.2	nTPM	RNA consensus tissue	Human Protein Atlas
HPA_TISSUE_RNA:1490|liver	1490	CCN2	ENSG00000118523	HPA_TISSUE:liver	77.5	nTPM	RNA consensus tissue	Human Protein Atlas
HPA_TISSUE_RNA:1493|liver	1493	CTLA4	ENSG00000163599	HPA_TISSUE:liver	0.7	nTPM	RNA consensus tissue	Human Protein Atlas
HPA_TISSUE_RNA:1499|liver	1499	CTNNB1	ENSG00000168036	HPA_TISSUE:liver	138.3	nTPM	RNA consensus tissue	Human Protein Atlas
HPA_TISSUE_RNA:150468|liver	150468	CKAP2L	ENSG00000169607	HPA_TISSUE:liver	0.3	nTPM	RNA consensus tissue	Human Protein Atlas
HPA_TISSUE_RNA:150684|liver	150684	COMMD1	ENSG00000173163	HPA_TISSUE:liver	53.3	nTPM	RNA consensus tissue	Human Protein Atlas
HPA_TISSUE_RNA:1509|liver	1509	CTSD	ENSG00000117984	HPA_TISSUE:liver	447.3	nTPM	RNA consensus tissue	Human Protein Atlas
HPA_TISSUE_RNA:151|liver	151	ADRA2B	ENSG00000274286	HPA_TISSUE:liver	6.3	nTPM	RNA consensus tissue	Human Protein Atlas
HPA_TISSUE_RNA:152831|liver	152831	KLB	ENSG00000134962	HPA_TISSUE:liver	16.6	nTPM	RNA consensus tissue	Human Protein Atlas
HPA_TISSUE_RNA:1535|liver	1535	CYBA	ENSG00000051523	HPA_TISSUE:liver	82.3	nTPM	RNA consensus tissue	Human Protein Atlas
HPA_TISSUE_RNA:1540|liver	1540	CYLD	ENSG00000083799	HPA_TISSUE:liver	19.6	nTPM	RNA consensus tissue	Human Protein Atlas
HPA_TISSUE_RNA:1543|liver	1543	CYP1A1	ENSG00000140465	HPA_TISSUE:liver	61.8	nTPM	RNA consensus tissue	Human Protein Atlas
HPA_TISSUE_RNA:1544|liver	1544	CYP1A2	ENSG00000140505	HPA_TISSUE:liver	478.4	nTPM	RNA consensus tissue	Human Protein Atlas
HPA_TISSUE_RNA:1555|liver	1555	CYP2B6	ENSG00000197408	HPA_TISSUE:liver	549.6	nTPM	RNA consensus tissue	Human Protein Atlas
HPA_TISSUE_RNA:1557|liver	1557	CYP2C19	ENSG00000165841	HPA_TISSUE:liver	178.0	nTPM	RNA consensus tissue	Human Protein Atlas
HPA_TISSUE_RNA:1558|liver	1558	CYP2C8	ENSG00000138115	HPA_TISSUE:liver	2014.2	nTPM	RNA consensus tissue	Human Protein Atlas
HPA_TISSUE_RNA:155|liver	155	ADRB3	ENSG00000188778	HPA_TISSUE:liver	0.0	nTPM	RNA consensus tissue	Human Protein Atlas
HPA_TISSUE_RNA:1571|liver	1571	CYP2E1	ENSG00000130649	HPA_TISSUE:liver	9697.0	nTPM	RNA consensus tissue	Human Protein Atlas
HPA_TISSUE_RNA:157313|liver	157313	CDCA2	ENSG00000184661	HPA_TISSUE:liver	0.1	nTPM	RNA consensus tissue	Human Protein Atlas
HPA_TISSUE_RNA:1586|liver	1586	CYP17A1	ENSG00000148795	HPA_TISSUE:liver	6.5	nTPM	RNA consensus tissue	Human Protein Atlas
HPA_TISSUE_RNA:1593|liver	1593	CYP27A1	ENSG00000135929	HPA_TISSUE:liver	575.4	nTPM	RNA consensus tissue	Human Protein Atlas
HPA_TISSUE_RNA:1621|liver	1621	DBH	ENSG00000123454	HPA_TISSUE:liver	34.5	nTPM	RNA consensus tissue	Human Protein Atlas
HPA_TISSUE_RNA:1634|liver	1634	DCN	ENSG00000011465	HPA_TISSUE:liver	428.9	nTPM	RNA consensus tissue	Human Protein Atlas
HPA_TISSUE_RNA:1636|liver	1636	ACE	ENSG00000159640	HPA_TISSUE:liver	1.8	nTPM	RNA consensus tissue	Human Protein Atlas
HPA_TISSUE_RNA:1646|liver	1646	AKR1C2	ENSG00000151632	HPA_TISSUE:liver	448.7	nTPM	RNA consensus tissue	Human Protein Atlas
HPA_TISSUE_RNA:168667|liver	168667	BMPER	ENSG00000164619	HPA_TISSUE:liver	4.7	nTPM	RNA consensus tissue	Human Protein Atlas
HPA_TISSUE_RNA:169355|liver	169355	IDO2	ENSG00000188676	HPA_TISSUE:liver	3.1	nTPM	RNA consensus tissue	Human Protein Atlas
HPA_TISSUE_RNA:169611|liver	169611	OLFML2A	ENSG00000185585	HPA_TISSUE:liver	0.7	nTPM	RNA consensus tissue	Human Protein Atlas
HPA_TISSUE_RNA:170392|liver	170392	OIT3	ENSG00000138315	HPA_TISSUE:liver	103.6	nTPM	RNA consensus tissue	Human Protein Atlas
HPA_TISSUE_RNA:170712|liver	170712	COX7B2	ENSG00000170516	HPA_TISSUE:liver	0.0	nTPM	RNA consensus tissue	Human Protein Atlas
HPA_TISSUE_RNA:1717|liver	1717	DHCR7	ENSG00000172893	HPA_TISSUE:liver	112.5	nTPM	RNA consensus tissue	Human Protein Atlas
HPA_TISSUE_RNA:1728|liver	1728	NQO1	ENSG00000181019	HPA_TISSUE:liver	4.9	nTPM	RNA consensus tissue	Human Protein Atlas
HPA_TISSUE_RNA:174|liver	174	AFP	ENSG00000081051	HPA_TISSUE:liver	3.4	nTPM	RNA consensus tissue	Human Protein Atlas
HPA_TISSUE_RNA:1776|liver	1776	DNASE1L3	ENSG00000163687	HPA_TISSUE:liver	253.4	nTPM	RNA consensus tissue	Human Protein Atlas
HPA_TISSUE_RNA:1806|liver	1806	DPYD	ENSG00000188641	HPA_TISSUE:liver	64.0	nTPM	RNA consensus tissue	Human Protein Atlas
HPA_TISSUE_RNA:1815|liver	1815	DRD4	ENSG00000069696	HPA_TISSUE:liver	1.5	nTPM	RNA consensus tissue	Human Protein Atlas
HPA_TISSUE_RNA:1820|liver	1820	ARID3A	ENSG00000116017	HPA_TISSUE:liver	2.0	nTPM	RNA consensus tissue	Human Protein Atlas
HPA_TISSUE_RNA:1827|liver	1827	RCAN1	ENSG00000159200	HPA_TISSUE:liver	239.5	nTPM	RNA consensus tissue	Human Protein Atlas
HPA_TISSUE_RNA:183|liver	183	AGT	ENSG00000135744	HPA_TISSUE:liver	1554.9	nTPM	RNA consensus tissue	Human Protein Atlas
HPA_TISSUE_RNA:1869|liver	1869	E2F1	ENSG00000101412	HPA_TISSUE:liver	1.6	nTPM	RNA consensus tissue	Human Protein Atlas
HPA_TISSUE_RNA:1893|liver	1893	ECM1	ENSG00000143369	HPA_TISSUE:liver	57.2	nTPM	RNA consensus tissue	Human Protein Atlas
HPA_TISSUE_RNA:1894|liver	1894	ECT2	ENSG00000114346	HPA_TISSUE:liver	2.5	nTPM	RNA consensus tissue	Human Protein Atlas
HPA_TISSUE_RNA:191|liver	191	AHCY	ENSG00000101444	HPA_TISSUE:liver	176.6	nTPM	RNA consensus tissue	Human Protein Atlas
HPA_TISSUE_RNA:1950|liver	1950	EGF	ENSG00000138798	HPA_TISSUE:liver	0.0	nTPM	RNA consensus tissue	Human Protein Atlas
HPA_TISSUE_RNA:1951|liver	1951	CELSR3	ENSG00000008300	HPA_TISSUE:liver	0.1	nTPM	RNA consensus tissue	Human Protein Atlas
HPA_TISSUE_RNA:1956|liver	1956	EGFR	ENSG00000146648	HPA_TISSUE:liver	32.2	nTPM	RNA consensus tissue	Human Protein Atlas
HPA_TISSUE_RNA:1958|liver	1958	EGR1	ENSG00000120738	HPA_TISSUE:liver	139.9	nTPM	RNA consensus tissue	Human Protein Atlas
HPA_TISSUE_RNA:1959|liver	1959	EGR2	ENSG00000122877	HPA_TISSUE:liver	4.7	nTPM	RNA consensus tissue	Human Protein Atlas
HPA_TISSUE_RNA:196528|liver	196528	ARID2	ENSG00000189079	HPA_TISSUE:liver	5.1	nTPM	RNA consensus tissue	Human Protein Atlas
HPA_TISSUE_RNA:196|liver	196	AHR	ENSG00000106546	HPA_TISSUE:liver	42.0	nTPM	RNA consensus tissue	Human Protein Atlas
HPA_TISSUE_RNA:197358|liver	197358	NLRC3	ENSG00000167984	HPA_TISSUE:liver	1.0	nTPM	RNA consensus tissue	Human Protein Atlas
HPA_TISSUE_RNA:2023|liver	2023	ENO1	ENSG00000074800	HPA_TISSUE:liver	581.0	nTPM	RNA consensus tissue	Human Protein Atlas
HPA_TISSUE_RNA:203286|liver	203286	ANKS6	ENSG00000165138	HPA_TISSUE:liver	2.6	nTPM	RNA consensus tissue	Human Protein Atlas
HPA_TISSUE_RNA:2034|liver	2034	EPAS1	ENSG00000116016	HPA_TISSUE:liver	103.0	nTPM	RNA consensus tissue	Human Protein Atlas
HPA_TISSUE_RNA:2052|liver	2052	EPHX1	ENSG00000143819	HPA_TISSUE:liver	1594.1	nTPM	RNA consensus tissue	Human Protein Atlas
HPA_TISSUE_RNA:2056|liver	2056	EPO	ENSG00000130427	HPA_TISSUE:liver	34.4	nTPM	RNA consensus tissue	Human Protein Atlas
HPA_TISSUE_RNA:2066|liver	2066	ERBB4	ENSG00000178568	HPA_TISSUE:liver	0.0	nTPM	RNA consensus tissue	Human Protein Atlas
HPA_TISSUE_RNA:2068|liver	2068	ERCC2	ENSG00000104884	HPA_TISSUE:liver	6.9	nTPM	RNA consensus tissue	Human Protein Atlas
HPA_TISSUE_RNA:2069|liver	2069	EREG	ENSG00000124882	HPA_TISSUE:liver	0.2	nTPM	RNA consensus tissue	Human Protein Atlas
HPA_TISSUE_RNA:207|liver	207	AKT1	ENSG00000142208	HPA_TISSUE:liver	50.3	nTPM	RNA consensus tissue	Human Protein Atlas
HPA_TISSUE_RNA:2081|liver	2081	ERN1	ENSG00000178607	HPA_TISSUE:liver	13.0	nTPM	RNA consensus tissue	Human Protein Atlas
HPA_TISSUE_RNA:2099|liver	2099	ESR1	ENSG00000091831	HPA_TISSUE:liver	15.8	nTPM	RNA consensus tissue	Human Protein Atlas
HPA_TISSUE_RNA:2108|liver	2108	ETFA	ENSG00000140374	HPA_TISSUE:liver	244.8	nTPM	RNA consensus tissue	Human Protein Atlas
HPA_TISSUE_RNA:210|liver	210	ALAD	ENSG00000148218	HPA_TISSUE:liver	196.1	nTPM	RNA consensus tissue	Human Protein Atlas
HPA_TISSUE_RNA:213|liver	213	ALB	ENSG00000163631	HPA_TISSUE:liver	198523.8	nTPM	RNA consensus tissue	Human Protein Atlas
HPA_TISSUE_RNA:2146|liver	2146	EZH2	ENSG00000106462	HPA_TISSUE:liver	1.6	nTPM	RNA consensus tissue	Human Protein Atlas
HPA_TISSUE_RNA:2147|liver	2147	F2	ENSG00000180210	HPA_TISSUE:liver	1138.4	nTPM	RNA consensus tissue	Human Protein Atlas
HPA_TISSUE_RNA:2149|liver	2149	F2R	ENSG00000181104	HPA_TISSUE:liver	22.4	nTPM	RNA consensus tissue	Human Protein Atlas
HPA_TISSUE_RNA:2152|liver	2152	F3	ENSG00000117525	HPA_TISSUE:liver	4.7	nTPM	RNA consensus tissue	Human Protein Atlas
HPA_TISSUE_RNA:2153|liver	2153	F5	ENSG00000198734	HPA_TISSUE:liver	164.8	nTPM	RNA consensus tissue	Human Protein Atlas
HPA_TISSUE_RNA:216|liver	216	ALDH1A1	ENSG00000165092	HPA_TISSUE:liver	1403.3	nTPM	RNA consensus tissue	Human Protein Atlas
HPA_TISSUE_RNA:2171|liver	2171	FABP5	ENSG00000164687	HPA_TISSUE:liver	25.7	nTPM	RNA consensus tissue	Human Protein Atlas
HPA_TISSUE_RNA:2177|liver	2177	FANCD2	ENSG00000144554	HPA_TISSUE:liver	0.9	nTPM	RNA consensus tissue	Human Protein Atlas
HPA_TISSUE_RNA:217|liver	217	ALDH2	ENSG00000111275	HPA_TISSUE:liver	801.4	nTPM	RNA consensus tissue	Human Protein Atlas
HPA_TISSUE_RNA:2182|liver	2182	ACSL4	ENSG00000068366	HPA_TISSUE:liver	12.3	nTPM	RNA consensus tissue	Human Protein Atlas
HPA_TISSUE_RNA:2194|liver	2194	FASN	ENSG00000169710	HPA_TISSUE:liver	192.6	nTPM	RNA consensus tissue	Human Protein Atlas
HPA_TISSUE_RNA:219|liver	219	ALDH1B1	ENSG00000137124	HPA_TISSUE:liver	161.4	nTPM	RNA consensus tissue	Human Protein Atlas
HPA_TISSUE_RNA:2200|liver	2200	FBN1	ENSG00000166147	HPA_TISSUE:liver	2.5	nTPM	RNA consensus tissue	Human Protein Atlas
HPA_TISSUE_RNA:220134|liver	220134	SKA1	ENSG00000154839	HPA_TISSUE:liver	0.3	nTPM	RNA consensus tissue	Human Protein Atlas
HPA_TISSUE_RNA:2203|liver	2203	FBP1	ENSG00000165140	HPA_TISSUE:liver	819.2	nTPM	RNA consensus tissue	Human Protein Atlas
HPA_TISSUE_RNA:221150|liver	221150	SKA3	ENSG00000165480	HPA_TISSUE:liver	0.2	nTPM	RNA consensus tissue	Human Protein Atlas
HPA_TISSUE_RNA:2222|liver	2222	FDFT1	ENSG00000079459	HPA_TISSUE:liver	116.6	nTPM	RNA consensus tissue	Human Protein Atlas
HPA_TISSUE_RNA:2242|liver	2242	FES	ENSG00000182511	HPA_TISSUE:liver	25.1	nTPM	RNA consensus tissue	Human Protein Atlas
HPA_TISSUE_RNA:2247|liver	2247	FGF2	ENSG00000138685	HPA_TISSUE:liver	1.8	nTPM	RNA consensus tissue	Human Protein Atlas
HPA_TISSUE_RNA:2248|liver	2248	FGF3	ENSG00000186895	HPA_TISSUE:liver	0.0	nTPM	RNA consensus tissue	Human Protein Atlas
HPA_TISSUE_RNA:2249|liver	2249	FGF4	ENSG00000075388	HPA_TISSUE:liver	0.0	nTPM	RNA consensus tissue	Human Protein Atlas
HPA_TISSUE_RNA:2252|liver	2252	FGF7	ENSG00000140285	HPA_TISSUE:liver	1.4	nTPM	RNA consensus tissue	Human Protein Atlas
HPA_TISSUE_RNA:2260|liver	2260	FGFR1	ENSG00000077782	HPA_TISSUE:liver	8.0	nTPM	RNA consensus tissue	Human Protein Atlas
HPA_TISSUE_RNA:2263|liver	2263	FGFR2	ENSG00000066468	HPA_TISSUE:liver	22.7	nTPM	RNA consensus tissue	Human Protein Atlas
HPA_TISSUE_RNA:2264|liver	2264	FGFR4	ENSG00000160867	HPA_TISSUE:liver	81.5	nTPM	RNA consensus tissue	Human Protein Atlas
HPA_TISSUE_RNA:2271|liver	2271	FH	ENSG00000091483	HPA_TISSUE:liver	252.7	nTPM	RNA consensus tissue	Human Protein Atlas
HPA_TISSUE_RNA:22822|liver	22822	PHLDA1	ENSG00000139289	HPA_TISSUE:liver	63.2	nTPM	RNA consensus tissue	Human Protein Atlas
HPA_TISSUE_RNA:22837|liver	22837	COBLL1	ENSG00000082438	HPA_TISSUE:liver	100.6	nTPM	RNA consensus tissue	Human Protein Atlas
HPA_TISSUE_RNA:22846|liver	22846	VASH1	ENSG00000071246	HPA_TISSUE:liver	3.1	nTPM	RNA consensus tissue	Human Protein Atlas
HPA_TISSUE_RNA:22849|liver	22849	CPEB3	ENSG00000107864	HPA_TISSUE:liver	30.1	nTPM	RNA consensus tissue	Human Protein Atlas
HPA_TISSUE_RNA:22897|liver	22897	CEP164	ENSG00000110274	HPA_TISSUE:liver	6.4	nTPM	RNA consensus tissue	Human Protein Atlas
HPA_TISSUE_RNA:22937|liver	22937	SCAP	ENSG00000114650	HPA_TISSUE:liver	27.3	nTPM	RNA consensus tissue	Human Protein Atlas
HPA_TISSUE_RNA:22974|liver	22974	TPX2	ENSG00000088325	HPA_TISSUE:liver	4.0	nTPM	RNA consensus tissue	Human Protein Atlas
HPA_TISSUE_RNA:22994|liver	22994	CEP131	ENSG00000141577	HPA_TISSUE:liver	6.7	nTPM	RNA consensus tissue	Human Protein Atlas
HPA_TISSUE_RNA:2305|liver	2305	FOXM1	ENSG00000111206	HPA_TISSUE:liver	1.2	nTPM	RNA consensus tissue	Human Protein Atlas
HPA_TISSUE_RNA:23095|liver	23095	KIF1B	ENSG00000054523	HPA_TISSUE:liver	11.2	nTPM	RNA consensus tissue	Human Protein Atlas
HPA_TISSUE_RNA:2309|liver	2309	FOXO3	ENSG00000118689	HPA_TISSUE:liver	21.6	nTPM	RNA consensus tissue	Human Protein Atlas
HPA_TISSUE_RNA:2316|liver	2316	FLNA	ENSG00000196924	HPA_TISSUE:liver	17.8	nTPM	RNA consensus tissue	Human Protein Atlas
HPA_TISSUE_RNA:2321|liver	2321	FLT1	ENSG00000102755	HPA_TISSUE:liver	16.4	nTPM	RNA consensus tissue	Human Protein Atlas
HPA_TISSUE_RNA:2322|liver	2322	FLT3	ENSG00000122025	HPA_TISSUE:liver	0.4	nTPM	RNA consensus tissue	Human Protein Atlas
HPA_TISSUE_RNA:23235|liver	23235	SIK2	ENSG00000170145	HPA_TISSUE:liver	21.1	nTPM	RNA consensus tissue	Human Protein Atlas
HPA_TISSUE_RNA:23397|liver	23397	NCAPH	ENSG00000121152	HPA_TISSUE:liver	0.9	nTPM	RNA consensus tissue	Human Protein Atlas
HPA_TISSUE_RNA:23405|liver	23405	DICER1	ENSG00000100697	HPA_TISSUE:liver	13.2	nTPM	RNA consensus tissue	Human Protein Atlas
HPA_TISSUE_RNA:23411|liver	23411	SIRT1	ENSG00000096717	HPA_TISSUE:liver	16.2	nTPM	RNA consensus tissue	Human Protein Atlas
HPA_TISSUE_RNA:23451|liver	23451	SF3B1	ENSG00000115524	HPA_TISSUE:liver	136.7	nTPM	RNA consensus tissue	Human Protein Atlas
HPA_TISSUE_RNA:2350|liver	2350	FOLR2	ENSG00000165457	HPA_TISSUE:liver	41.8	nTPM	RNA consensus tissue	Human Protein Atlas
HPA_TISSUE_RNA:2353|liver	2353	FOS	ENSG00000170345	HPA_TISSUE:liver	297.9	nTPM	RNA consensus tissue	Human Protein Atlas
HPA_TISSUE_RNA:2354|liver	2354	FOSB	ENSG00000125740	HPA_TISSUE:liver	79.9	nTPM	RNA consensus tissue	Human Protein Atlas
HPA_TISSUE_RNA:24137|liver	24137	KIF4A	ENSG00000090889	HPA_TISSUE:liver	0.4	nTPM	RNA consensus tissue	Human Protein Atlas
HPA_TISSUE_RNA:2475|liver	2475	MTOR	ENSG00000198793	HPA_TISSUE:liver	6.7	nTPM	RNA consensus tissue	Human Protein Atlas
HPA_TISSUE_RNA:2494|liver	2494	NR5A2	ENSG00000116833	HPA_TISSUE:liver	36.1	nTPM	RNA consensus tissue	Human Protein Atlas
HPA_TISSUE_RNA:2538|liver	2538	G6PC1	ENSG00000131482	HPA_TISSUE:liver	253.6	nTPM	RNA consensus tissue	Human Protein Atlas
HPA_TISSUE_RNA:2563|liver	2563	GABRD	ENSG00000187730	HPA_TISSUE:liver	0.2	nTPM	RNA consensus tissue	Human Protein Atlas
HPA_TISSUE_RNA:25805|liver	25805	BAMBI	ENSG00000095739	HPA_TISSUE:liver	22.4	nTPM	RNA consensus tissue	Human Protein Atlas
HPA_TISSUE_RNA:25813|liver	25813	SAMM50	ENSG00000100347	HPA_TISSUE:liver	34.7	nTPM	RNA consensus tissue	Human Protein Atlas
HPA_TISSUE_RNA:25891|liver	25891	PAMR1	ENSG00000149090	HPA_TISSUE:liver	11.8	nTPM	RNA consensus tissue	Human Protein Atlas
HPA_TISSUE_RNA:25903|liver	25903	OLFML2B	ENSG00000162745	HPA_TISSUE:liver	0.8	nTPM	RNA consensus tissue	Human Protein Atlas
HPA_TISSUE_RNA:25913|liver	25913	POT1	ENSG00000128513	HPA_TISSUE:liver	9.3	nTPM	RNA consensus tissue	Human Protein Atlas
HPA_TISSUE_RNA:259266|liver	259266	ASPM	ENSG00000066279	HPA_TISSUE:liver	0.6	nTPM	RNA consensus tissue	Human Protein Atlas
HPA_TISSUE_RNA:2597|liver	2597	GAPDH	ENSG00000111640	HPA_TISSUE:liver	2360.5	nTPM	RNA consensus tissue	Human Protein Atlas
HPA_TISSUE_RNA:26266|liver	26266	SLC13A4	ENSG00000164707	HPA_TISSUE:liver	0.0	nTPM	RNA consensus tissue	Human Protein Atlas
HPA_TISSUE_RNA:26291|liver	26291	FGF21	ENSG00000105550	HPA_TISSUE:liver	79.4	nTPM	RNA consensus tissue	Human Protein Atlas
HPA_TISSUE_RNA:2638|liver	2638	GC	ENSG00000145321	HPA_TISSUE:liver	7722.0	nTPM	RNA consensus tissue	Human Protein Atlas
HPA_TISSUE_RNA:2658|liver	2658	GDF2	ENSG00000263761	HPA_TISSUE:liver	17.4	nTPM	RNA consensus tissue	Human Protein Atlas
HPA_TISSUE_RNA:2690|liver	2690	GHR	ENSG00000112964	HPA_TISSUE:liver	199.5	nTPM	RNA consensus tissue	Human Protein Atlas
HPA_TISSUE_RNA:2705|liver	2705	GJB1	ENSG00000169562	HPA_TISSUE:liver	374.9	nTPM	RNA consensus tissue	Human Protein Atlas
HPA_TISSUE_RNA:27085|liver	27085	MTBP	ENSG00000172167	HPA_TISSUE:liver	0.7	nTPM	RNA consensus tissue	Human Protein Atlas
HPA_TISSUE_RNA:27087|liver	27087	B3GAT1	ENSG00000109956	HPA_TISSUE:liver	5.6	nTPM	RNA consensus tissue	Human Protein Atlas
HPA_TISSUE_RNA:27102|liver	27102	EIF2AK1	ENSG00000086232	HPA_TISSUE:liver	60.9	nTPM	RNA consensus tissue	Human Protein Atlas
HPA_TISSUE_RNA:2719|liver	2719	GPC3	ENSG00000147257	HPA_TISSUE:liver	6.3	nTPM	RNA consensus tissue	Human Protein Atlas
HPA_TISSUE_RNA:27232|liver	27232	GNMT	ENSG00000124713	HPA_TISSUE:liver	278.9	nTPM	RNA consensus tissue	Human Protein Atlas
HPA_TISSUE_RNA:2735|liver	2735	GLI1	ENSG00000111087	HPA_TISSUE:liver	0.8	nTPM	RNA consensus tissue	Human Protein Atlas
HPA_TISSUE_RNA:2752|liver	2752	GLUL	ENSG00000135821	HPA_TISSUE:liver	262.6	nTPM	RNA consensus tissue	Human Protein Atlas
HPA_TISSUE_RNA:2775|liver	2775	GNAO1	ENSG00000087258	HPA_TISSUE:liver	9.4	nTPM	RNA consensus tissue	Human Protein Atlas
HPA_TISSUE_RNA:2781|liver	2781	GNAZ	ENSG00000128266	HPA_TISSUE:liver	0.5	nTPM	RNA consensus tissue	Human Protein Atlas
HPA_TISSUE_RNA:2810|liver	2810	SFN	ENSG00000175793	HPA_TISSUE:liver	3.4	nTPM	RNA consensus tissue	Human Protein Atlas
HPA_TISSUE_RNA:2823|liver	2823	GPM6A	ENSG00000150625	HPA_TISSUE:liver	12.3	nTPM	RNA consensus tissue	Human Protein Atlas
HPA_TISSUE_RNA:282617|liver	282617	IFNL3	ENSG00000197110	HPA_TISSUE:liver	0.0	nTPM	RNA consensus tissue	Human Protein Atlas
HPA_TISSUE_RNA:282618|liver	282618	IFNL1	ENSG00000182393	HPA_TISSUE:liver	0.0	nTPM	RNA consensus tissue	Human Protein Atlas
HPA_TISSUE_RNA:283600|liver	283600	SLC25A47	ENSG00000140107	HPA_TISSUE:liver	508.8	nTPM	RNA consensus tissue	Human Protein Atlas
HPA_TISSUE_RNA:284217|liver	284217	LAMA1	ENSG00000101680	HPA_TISSUE:liver	0.0	nTPM	RNA consensus tissue	Human Protein Atlas
HPA_TISSUE_RNA:284403|liver	284403	WDR62	ENSG00000075702	HPA_TISSUE:liver	0.6	nTPM	RNA consensus tissue	Human Protein Atlas
HPA_TISSUE_RNA:2875|liver	2875	GPT	ENSG00000167701	HPA_TISSUE:liver	183.4	nTPM	RNA consensus tissue	Human Protein Atlas
HPA_TISSUE_RNA:2876|liver	2876	GPX1	ENSG00000233276	HPA_TISSUE:liver	621.9	nTPM	RNA consensus tissue	Human Protein Atlas
HPA_TISSUE_RNA:2878|liver	2878	GPX3	ENSG00000211445	HPA_TISSUE:liver	953.2	nTPM	RNA consensus tissue	Human Protein Atlas
HPA_TISSUE_RNA:28982|liver	28982	FLVCR1	ENSG00000162769	HPA_TISSUE:liver	1.7	nTPM	RNA consensus tissue	Human Protein Atlas
HPA_TISSUE_RNA:29089|liver	29089	UBE2T	ENSG00000077152	HPA_TISSUE:liver	3.0	nTPM	RNA consensus tissue	Human Protein Atlas
HPA_TISSUE_RNA:29108|liver	29108	PYCARD	ENSG00000103490	HPA_TISSUE:liver	13.0	nTPM	RNA consensus tissue	Human Protein Atlas
HPA_TISSUE_RNA:29126|liver	29126	CD274	ENSG00000120217	HPA_TISSUE:liver	3.2	nTPM	RNA consensus tissue	Human Protein Atlas
HPA_TISSUE_RNA:29127|liver	29127	RACGAP1	ENSG00000161800	HPA_TISSUE:liver	4.3	nTPM	RNA consensus tissue	Human Protein Atlas
HPA_TISSUE_RNA:29128|liver	29128	UHRF1	ENSG00000276043	HPA_TISSUE:liver	0.8	nTPM	RNA consensus tissue	Human Protein Atlas
HPA_TISSUE_RNA:2923|liver	2923	PDIA3	ENSG00000167004	HPA_TISSUE:liver	113.0	nTPM	RNA consensus tissue	Human Protein Atlas
HPA_TISSUE_RNA:2938|liver	2938	GSTA1	ENSG00000243955	HPA_TISSUE:liver	2438.9	nTPM	RNA consensus tissue	Human Protein Atlas
HPA_TISSUE_RNA:2944|liver	2944	GSTM1	ENSG00000134184	HPA_TISSUE:liver	569.8	nTPM	RNA consensus tissue	Human Protein Atlas
HPA_TISSUE_RNA:2950|liver	2950	GSTP1	ENSG00000084207	HPA_TISSUE:liver	62.2	nTPM	RNA consensus tissue	Human Protein Atlas
HPA_TISSUE_RNA:29923|liver	29923	HILPDA	ENSG00000135245	HPA_TISSUE:liver	37.1	nTPM	RNA consensus tissue	Human Protein Atlas
HPA_TISSUE_RNA:2998|liver	2998	GYS2	ENSG00000111713	HPA_TISSUE:liver	162.5	nTPM	RNA consensus tissue	Human Protein Atlas
HPA_TISSUE_RNA:2|liver	2	A2M	ENSG00000175899	HPA_TISSUE:liver	1168.9	nTPM	RNA consensus tissue	Human Protein Atlas
HPA_TISSUE_RNA:3066|liver	3066	HDAC2	ENSG00000196591	HPA_TISSUE:liver	32.3	nTPM	RNA consensus tissue	Human Protein Atlas
HPA_TISSUE_RNA:3077|liver	3077	HFE	ENSG00000010704	HPA_TISSUE:liver	14.3	nTPM	RNA consensus tissue	Human Protein Atlas
HPA_TISSUE_RNA:307|liver	307	ANXA4	ENSG00000196975	HPA_TISSUE:liver	113.0	nTPM	RNA consensus tissue	Human Protein Atlas
HPA_TISSUE_RNA:3082|liver	3082	HGF	ENSG00000019991	HPA_TISSUE:liver	28.3	nTPM	RNA consensus tissue	Human Protein Atlas
HPA_TISSUE_RNA:3083|liver	3083	HGFAC	ENSG00000109758	HPA_TISSUE:liver	223.6	nTPM	RNA consensus tissue	Human Protein Atlas
HPA_TISSUE_RNA:30845|liver	30845	EHD3	ENSG00000013016	HPA_TISSUE:liver	10.3	nTPM	RNA consensus tissue	Human Protein Atlas
HPA_TISSUE_RNA:3091|liver	3091	HIF1A	ENSG00000100644	HPA_TISSUE:liver	48.3	nTPM	RNA consensus tissue	Human Protein Atlas
HPA_TISSUE_RNA:3113|liver	3113	HLA-DPA1	ENSG00000231389	HPA_TISSUE:liver	182.1	nTPM	RNA consensus tissue	Human Protein Atlas
HPA_TISSUE_RNA:3117|liver	3117	HLA-DQA1	ENSG00000196735	HPA_TISSUE:liver	88.7	nTPM	RNA consensus tissue	Human Protein Atlas
HPA_TISSUE_RNA:3119|liver	3119	HLA-DQB1	ENSG00000179344	HPA_TISSUE:liver	35.5	nTPM	RNA consensus tissue	Human Protein Atlas
HPA_TISSUE_RNA:3123|liver	3123	HLA-DRB1	ENSG00000196126	HPA_TISSUE:liver	64.7	nTPM	RNA consensus tissue	Human Protein Atlas
HPA_TISSUE_RNA:3148|liver	3148	HMGB2	ENSG00000164104	HPA_TISSUE:liver	35.3	nTPM	RNA consensus tissue	Human Protein Atlas
HPA_TISSUE_RNA:3156|liver	3156	HMGCR	ENSG00000113161	HPA_TISSUE:liver	98.8	nTPM	RNA consensus tissue	Human Protein Atlas
HPA_TISSUE_RNA:3161|liver	3161	HMMR	ENSG00000072571	HPA_TISSUE:liver	1.6	nTPM	RNA consensus tissue	Human Protein Atlas
HPA_TISSUE_RNA:3169|liver	3169	FOXA1	ENSG00000129514	HPA_TISSUE:liver	21.5	nTPM	RNA consensus tissue	Human Protein Atlas
HPA_TISSUE_RNA:3182|liver	3182	HNRNPAB	ENSG00000197451	HPA_TISSUE:liver	83.5	nTPM	RNA consensus tissue	Human Protein Atlas
HPA_TISSUE_RNA:3191|liver	3191	HNRNPL	ENSG00000104824	HPA_TISSUE:liver	92.4	nTPM	RNA consensus tissue	Human Protein Atlas
HPA_TISSUE_RNA:319|liver	319	APOF	ENSG00000175336	HPA_TISSUE:liver	389.4	nTPM	RNA consensus tissue	Human Protein Atlas
HPA_TISSUE_RNA:31|liver	31	ACACA	ENSG00000278540	HPA_TISSUE:liver	22.6	nTPM	RNA consensus tissue	Human Protein Atlas
HPA_TISSUE_RNA:3206|liver	3206	HOXA10	ENSG00000253293	HPA_TISSUE:liver	0.1	nTPM	RNA consensus tissue	Human Protein Atlas
HPA_TISSUE_RNA:3209|liver	3209	HOXA13	ENSG00000106031	HPA_TISSUE:liver	0.0	nTPM	RNA consensus tissue	Human Protein Atlas
HPA_TISSUE_RNA:3235|liver	3235	HOXD9	ENSG00000128709	HPA_TISSUE:liver	0.1	nTPM	RNA consensus tissue	Human Protein Atlas
HPA_TISSUE_RNA:324|liver	324	APC	ENSG00000134982	HPA_TISSUE:liver	5.4	nTPM	RNA consensus tissue	Human Protein Atlas
HPA_TISSUE_RNA:325|liver	325	APCS	ENSG00000132703	HPA_TISSUE:liver	3389.4	nTPM	RNA consensus tissue	Human Protein Atlas
HPA_TISSUE_RNA:3265|liver	3265	HRAS	ENSG00000174775	HPA_TISSUE:liver	20.3	nTPM	RNA consensus tissue	Human Protein Atlas
HPA_TISSUE_RNA:3284|liver	3284	HSD3B2	ENSG00000203859	HPA_TISSUE:liver	1.0	nTPM	RNA consensus tissue	Human Protein Atlas
HPA_TISSUE_RNA:328|liver	328	APEX1	ENSG00000100823	HPA_TISSUE:liver	97.6	nTPM	RNA consensus tissue	Human Protein Atlas
HPA_TISSUE_RNA:3291|liver	3291	HSD11B2	ENSG00000176387	HPA_TISSUE:liver	5.5	nTPM	RNA consensus tissue	Human Protein Atlas
HPA_TISSUE_RNA:3309|liver	3309	HSPA5	ENSG00000044574	HPA_TISSUE:liver	314.0	nTPM	RNA consensus tissue	Human Protein Atlas
HPA_TISSUE_RNA:330|liver	330	BIRC3	ENSG00000023445	HPA_TISSUE:liver	27.3	nTPM	RNA consensus tissue	Human Protein Atlas
HPA_TISSUE_RNA:3313|liver	3313	HSPA9	ENSG00000113013	HPA_TISSUE:liver	137.3	nTPM	RNA consensus tissue	Human Protein Atlas
HPA_TISSUE_RNA:3315|liver	3315	HSPB1	ENSG00000106211	HPA_TISSUE:liver	654.4	nTPM	RNA consensus tissue	Human Protein Atlas
HPA_TISSUE_RNA:332|liver	332	BIRC5	ENSG00000089685	HPA_TISSUE:liver	2.0	nTPM	RNA consensus tissue	Human Protein Atlas
HPA_TISSUE_RNA:3357|liver	3357	HTR2B	ENSG00000135914	HPA_TISSUE:liver	3.3	nTPM	RNA consensus tissue	Human Protein Atlas
HPA_TISSUE_RNA:335|liver	335	APOA1	ENSG00000118137	HPA_TISSUE:liver	20151.0	nTPM	RNA consensus tissue	Human Protein Atlas
HPA_TISSUE_RNA:3383|liver	3383	ICAM1	ENSG00000090339	HPA_TISSUE:liver	67.3	nTPM	RNA consensus tissue	Human Protein Atlas
HPA_TISSUE_RNA:339390|liver	339390	CLEC4G	ENSG00000182566	HPA_TISSUE:liver	51.0	nTPM	RNA consensus tissue	Human Protein Atlas
HPA_TISSUE_RNA:340152|liver	340152	ZC3H12D	ENSG00000178199	HPA_TISSUE:liver	0.3	nTPM	RNA consensus tissue	Human Protein Atlas
HPA_TISSUE_RNA:3417|liver	3417	IDH1	ENSG00000138413	HPA_TISSUE:liver	501.4	nTPM	RNA consensus tissue	Human Protein Atlas
HPA_TISSUE_RNA:3439|liver	3439	IFNA1	ENSG00000197919	HPA_TISSUE:liver	0.0	nTPM	RNA consensus tissue	Human Protein Atlas
HPA_TISSUE_RNA:3440|liver	3440	IFNA2	ENSG00000188379	HPA_TISSUE:liver	0.0	nTPM	RNA consensus tissue	Human Protein Atlas
HPA_TISSUE_RNA:3458|liver	3458	IFNG	ENSG00000111537	HPA_TISSUE:liver	1.6	nTPM	RNA consensus tissue	Human Protein Atlas
HPA_TISSUE_RNA:345|liver	345	APOC3	ENSG00000110245	HPA_TISSUE:liver	28690.9	nTPM	RNA consensus tissue	Human Protein Atlas
HPA_TISSUE_RNA:3476|liver	3476	IGBP1	ENSG00000089289	HPA_TISSUE:liver	27.5	nTPM	RNA consensus tissue	Human Protein Atlas
HPA_TISSUE_RNA:3479|liver	3479	IGF1	ENSG00000017427	HPA_TISSUE:liver	78.0	nTPM	RNA consensus tissue	Human Protein Atlas
HPA_TISSUE_RNA:3480|liver	3480	IGF1R	ENSG00000140443	HPA_TISSUE:liver	0.8	nTPM	RNA consensus tissue	Human Protein Atlas
HPA_TISSUE_RNA:3481|liver	3481	IGF2	ENSG00000167244	HPA_TISSUE:liver	368.6	nTPM	RNA consensus tissue	Human Protein Atlas
HPA_TISSUE_RNA:3482|liver	3482	IGF2R	ENSG00000197081	HPA_TISSUE:liver	12.1	nTPM	RNA consensus tissue	Human Protein Atlas
HPA_TISSUE_RNA:3483|liver	3483	IGFALS	ENSG00000099769	HPA_TISSUE:liver	112.7	nTPM	RNA consensus tissue	Human Protein Atlas
HPA_TISSUE_RNA:3484|liver	3484	IGFBP1	ENSG00000146678	HPA_TISSUE:liver	1120.5	nTPM	RNA consensus tissue	Human Protein Atlas
HPA_TISSUE_RNA:3485|liver	3485	IGFBP2	ENSG00000115457	HPA_TISSUE:liver	556.0	nTPM	RNA consensus tissue	Human Protein Atlas
HPA_TISSUE_RNA:3491|liver	3491	CCN1	ENSG00000142871	HPA_TISSUE:liver	89.9	nTPM	RNA consensus tissue	Human Protein Atlas
HPA_TISSUE_RNA:350|liver	350	APOH	ENSG00000091583	HPA_TISSUE:liver	16781.5	nTPM	RNA consensus tissue	Human Protein Atlas
HPA_TISSUE_RNA:3552|liver	3552	IL1A	ENSG00000115008	HPA_TISSUE:liver	0.0	nTPM	RNA consensus tissue	Human Protein Atlas
HPA_TISSUE_RNA:3553|liver	3553	IL1B	ENSG00000125538	HPA_TISSUE:liver	8.5	nTPM	RNA consensus tissue	Human Protein Atlas
HPA_TISSUE_RNA:3556|liver	3556	IL1RAP	ENSG00000196083	HPA_TISSUE:liver	210.8	nTPM	RNA consensus tissue	Human Protein Atlas
HPA_TISSUE_RNA:3557|liver	3557	IL1RN	ENSG00000136689	HPA_TISSUE:liver	206.7	nTPM	RNA consensus tissue	Human Protein Atlas
HPA_TISSUE_RNA:3558|liver	3558	IL2	ENSG00000109471	HPA_TISSUE:liver	0.0	nTPM	RNA consensus tissue	Human Protein Atlas
HPA_TISSUE_RNA:355|liver	355	FAS	ENSG00000026103	HPA_TISSUE:liver	12.0	nTPM	RNA consensus tissue	Human Protein Atlas
HPA_TISSUE_RNA:3562|liver	3562	IL3	ENSG00000164399	HPA_TISSUE:liver	0.0	nTPM	RNA consensus tissue	Human Protein Atlas
HPA_TISSUE_RNA:3565|liver	3565	IL4	ENSG00000113520	HPA_TISSUE:liver	0.0	nTPM	RNA consensus tissue	Human Protein Atlas
HPA_TISSUE_RNA:3569|liver	3569	IL6	ENSG00000136244	HPA_TISSUE:liver	12.5	nTPM	RNA consensus tissue	Human Protein Atlas
HPA_TISSUE_RNA:3576|liver	3576	CXCL8	ENSG00000169429	HPA_TISSUE:liver	69.9	nTPM	RNA consensus tissue	Human Protein Atlas
HPA_TISSUE_RNA:3586|liver	3586	IL10	ENSG00000136634	HPA_TISSUE:liver	1.0	nTPM	RNA consensus tissue	Human Protein Atlas
HPA_TISSUE_RNA:3592|liver	3592	IL12A	ENSG00000168811	HPA_TISSUE:liver	0.1	nTPM	RNA consensus tissue	Human Protein Atlas
HPA_TISSUE_RNA:3606|liver	3606	IL18	ENSG00000150782	HPA_TISSUE:liver	8.5	nTPM	RNA consensus tissue	Human Protein Atlas
HPA_TISSUE_RNA:3630|liver	3630	INS	ENSG00000254647	HPA_TISSUE:liver	1.9	nTPM	RNA consensus tissue	Human Protein Atlas
HPA_TISSUE_RNA:3660|liver	3660	IRF2	ENSG00000168310	HPA_TISSUE:liver	32.0	nTPM	RNA consensus tissue	Human Protein Atlas
HPA_TISSUE_RNA:3667|liver	3667	IRS1	ENSG00000169047	HPA_TISSUE:liver	9.8	nTPM	RNA consensus tissue	Human Protein Atlas
HPA_TISSUE_RNA:367|liver	367	AR	ENSG00000169083	HPA_TISSUE:liver	35.8	nTPM	RNA consensus tissue	Human Protein Atlas
HPA_TISSUE_RNA:3699|liver	3699	ITIH3	ENSG00000162267	HPA_TISSUE:liver	798.4	nTPM	RNA consensus tissue	Human Protein Atlas
HPA_TISSUE_RNA:3716|liver	3716	JAK1	ENSG00000162434	HPA_TISSUE:liver	49.7	nTPM	RNA consensus tissue	Human Protein Atlas
HPA_TISSUE_RNA:3717|liver	3717	JAK2	ENSG00000096968	HPA_TISSUE:liver	4.2	nTPM	RNA consensus tissue	Human Protein Atlas
HPA_TISSUE_RNA:3725|liver	3725	JUN	ENSG00000177606	HPA_TISSUE:liver	103.9	nTPM	RNA consensus tissue	Human Protein Atlas
HPA_TISSUE_RNA:3727|liver	3727	JUND	ENSG00000130522	HPA_TISSUE:liver	201.6	nTPM	RNA consensus tissue	Human Protein Atlas
HPA_TISSUE_RNA:374569|liver	374569	ASPG	ENSG00000166183	HPA_TISSUE:liver	142.8	nTPM	RNA consensus tissue	Human Protein Atlas
HPA_TISSUE_RNA:3781|liver	3781	KCNN2	ENSG00000080709	HPA_TISSUE:liver	30.0	nTPM	RNA consensus tissue	Human Protein Atlas
HPA_TISSUE_RNA:3791|liver	3791	KDR	ENSG00000128052	HPA_TISSUE:liver	8.6	nTPM	RNA consensus tissue	Human Protein Atlas
HPA_TISSUE_RNA:3832|liver	3832	KIF11	ENSG00000138160	HPA_TISSUE:liver	1.0	nTPM	RNA consensus tissue	Human Protein Atlas
HPA_TISSUE_RNA:3833|liver	3833	KIFC1	ENSG00000237649	HPA_TISSUE:liver	1.1	nTPM	RNA consensus tissue	Human Protein Atlas
HPA_TISSUE_RNA:383|liver	383	ARG1	ENSG00000118520	HPA_TISSUE:liver	1124.7	nTPM	RNA consensus tissue	Human Protein Atlas
HPA_TISSUE_RNA:3845|liver	3845	KRAS	ENSG00000133703	HPA_TISSUE:liver	13.1	nTPM	RNA consensus tissue	Human Protein Atlas
HPA_TISSUE_RNA:3856|liver	3856	KRT8	ENSG00000170421	HPA_TISSUE:liver	327.7	nTPM	RNA consensus tissue	Human Protein Atlas
HPA_TISSUE_RNA:387103|liver	387103	CENPW	ENSG00000203760	HPA_TISSUE:liver	3.5	nTPM	RNA consensus tissue	Human Protein Atlas
HPA_TISSUE_RNA:3875|liver	3875	KRT18	ENSG00000111057	HPA_TISSUE:liver	534.5	nTPM	RNA consensus tissue	Human Protein Atlas
HPA_TISSUE_RNA:387775|liver	387775	SLC22A10	ENSG00000184999	HPA_TISSUE:liver	94.9	nTPM	RNA consensus tissue	Human Protein Atlas
HPA_TISSUE_RNA:389558|liver	389558	FAM180A	ENSG00000189320	HPA_TISSUE:liver	9.6	nTPM	RNA consensus tissue	Human Protein Atlas
HPA_TISSUE_RNA:390|liver	390	RND3	ENSG00000115963	HPA_TISSUE:liver	123.2	nTPM	RNA consensus tissue	Human Protein Atlas
HPA_TISSUE_RNA:3918|liver	3918	LAMC2	ENSG00000058085	HPA_TISSUE:liver	0.7	nTPM	RNA consensus tissue	Human Protein Atlas
HPA_TISSUE_RNA:3925|liver	3925	STMN1	ENSG00000117632	HPA_TISSUE:liver	33.4	nTPM	RNA consensus tissue	Human Protein Atlas
HPA_TISSUE_RNA:3931|liver	3931	LCAT	ENSG00000213398	HPA_TISSUE:liver	275.5	nTPM	RNA consensus tissue	Human Protein Atlas
HPA_TISSUE_RNA:3949|liver	3949	LDLR	ENSG00000130164	HPA_TISSUE:liver	56.4	nTPM	RNA consensus tissue	Human Protein Atlas
HPA_TISSUE_RNA:3950|liver	3950	LECT2	ENSG00000145826	HPA_TISSUE:liver	445.4	nTPM	RNA consensus tissue	Human Protein Atlas
HPA_TISSUE_RNA:3952|liver	3952	LEP	ENSG00000174697	HPA_TISSUE:liver	0.0	nTPM	RNA consensus tissue	Human Protein Atlas
HPA_TISSUE_RNA:3953|liver	3953	LEPR	ENSG00000116678	HPA_TISSUE:liver	121.9	nTPM	RNA consensus tissue	Human Protein Atlas
HPA_TISSUE_RNA:3954|liver	3954	LETM1	ENSG00000168924	HPA_TISSUE:liver	15.9	nTPM	RNA consensus tissue	Human Protein Atlas
HPA_TISSUE_RNA:3956|liver	3956	LGALS1	ENSG00000100097	HPA_TISSUE:liver	301.5	nTPM	RNA consensus tissue	Human Protein Atlas
HPA_TISSUE_RNA:3959|liver	3959	LGALS3BP	ENSG00000108679	HPA_TISSUE:liver	81.7	nTPM	RNA consensus tissue	Human Protein Atlas
HPA_TISSUE_RNA:3976|liver	3976	LIF	ENSG00000128342	HPA_TISSUE:liver	4.4	nTPM	RNA consensus tissue	Human Protein Atlas
HPA_TISSUE_RNA:3977|liver	3977	LIFR	ENSG00000113594	HPA_TISSUE:liver	28.9	nTPM	RNA consensus tissue	Human Protein Atlas
HPA_TISSUE_RNA:400258|liver	400258	C14orf180	ENSG00000184601	HPA_TISSUE:liver	3.9	nTPM	RNA consensus tissue	Human Protein Atlas
HPA_TISSUE_RNA:4015|liver	4015	LOX	ENSG00000113083	HPA_TISSUE:liver	2.1	nTPM	RNA consensus tissue	Human Protein Atlas
HPA_TISSUE_RNA:4016|liver	4016	LOXL1	ENSG00000129038	HPA_TISSUE:liver	1.6	nTPM	RNA consensus tissue	Human Protein Atlas
HPA_TISSUE_RNA:405|liver	405	ARNT	ENSG00000143437	HPA_TISSUE:liver	40.1	nTPM	RNA consensus tissue	Human Protein Atlas
HPA_TISSUE_RNA:4060|liver	4060	LUM	ENSG00000139329	HPA_TISSUE:liver	32.3	nTPM	RNA consensus tissue	Human Protein Atlas
HPA_TISSUE_RNA:4085|liver	4085	MAD2L1	ENSG00000164109	HPA_TISSUE:liver	0.5	nTPM	RNA consensus tissue	Human Protein Atlas
HPA_TISSUE_RNA:4088|liver	4088	SMAD3	ENSG00000166949	HPA_TISSUE:liver	18.8	nTPM	RNA consensus tissue	Human Protein Atlas
HPA_TISSUE_RNA:408|liver	408	ARRB1	ENSG00000137486	HPA_TISSUE:liver	9.5	nTPM	RNA consensus tissue	Human Protein Atlas
HPA_TISSUE_RNA:409|liver	409	ARRB2	ENSG00000141480	HPA_TISSUE:liver	33.2	nTPM	RNA consensus tissue	Human Protein Atlas
HPA_TISSUE_RNA:4137|liver	4137	MAPT	ENSG00000186868	HPA_TISSUE:liver	0.6	nTPM	RNA consensus tissue	Human Protein Atlas
HPA_TISSUE_RNA:4143|liver	4143	MAT1A	ENSG00000151224	HPA_TISSUE:liver	1259.5	nTPM	RNA consensus tissue	Human Protein Atlas
HPA_TISSUE_RNA:4153|liver	4153	MBL2	ENSG00000165471	HPA_TISSUE:liver	262.8	nTPM	RNA consensus tissue	Human Protein Atlas
HPA_TISSUE_RNA:4171|liver	4171	MCM2	ENSG00000073111	HPA_TISSUE:liver	5.9	nTPM	RNA consensus tissue	Human Protein Atlas
HPA_TISSUE_RNA:4193|liver	4193	MDM2	ENSG00000135679	HPA_TISSUE:liver	28.9	nTPM	RNA consensus tissue	Human Protein Atlas
HPA_TISSUE_RNA:4199|liver	4199	ME1	ENSG00000065833	HPA_TISSUE:liver	9.2	nTPM	RNA consensus tissue	Human Protein Atlas
HPA_TISSUE_RNA:4204|liver	4204	MECP2	ENSG00000169057	HPA_TISSUE:liver	14.3	nTPM	RNA consensus tissue	Human Protein Atlas
HPA_TISSUE_RNA:4233|liver	4233	MET	ENSG00000105976	HPA_TISSUE:liver	40.1	nTPM	RNA consensus tissue	Human Protein Atlas
HPA_TISSUE_RNA:4288|liver	4288	MKI67	ENSG00000148773	HPA_TISSUE:liver	0.8	nTPM	RNA consensus tissue	Human Protein Atlas
HPA_TISSUE_RNA:4297|liver	4297	KMT2A	ENSG00000118058	HPA_TISSUE:liver	4.6	nTPM	RNA consensus tissue	Human Protein Atlas
HPA_TISSUE_RNA:4312|liver	4312	MMP1	ENSG00000196611	HPA_TISSUE:liver	0.7	nTPM	RNA consensus tissue	Human Protein Atlas
HPA_TISSUE_RNA:4313|liver	4313	MMP2	ENSG00000087245	HPA_TISSUE:liver	14.8	nTPM	RNA consensus tissue	Human Protein Atlas
HPA_TISSUE_RNA:4318|liver	4318	MMP9	ENSG00000100985	HPA_TISSUE:liver	3.5	nTPM	RNA consensus tissue	Human Protein Atlas
HPA_TISSUE_RNA:4323|liver	4323	MMP14	ENSG00000157227	HPA_TISSUE:liver	11.9	nTPM	RNA consensus tissue	Human Protein Atlas
HPA_TISSUE_RNA:4353|liver	4353	MPO	ENSG00000005381	HPA_TISSUE:liver	1.6	nTPM	RNA consensus tissue	Human Protein Atlas
HPA_TISSUE_RNA:4439|liver	4439	MSH5	ENSG00000204410	HPA_TISSUE:liver	2.0	nTPM	RNA consensus tissue	Human Protein Atlas
HPA_TISSUE_RNA:445|liver	445	ASS1	ENSG00000130707	HPA_TISSUE:liver	1907.1	nTPM	RNA consensus tissue	Human Protein Atlas
HPA_TISSUE_RNA:4489|liver	4489	MT1A	ENSG00000205362	HPA_TISSUE:liver	400.5	nTPM	RNA consensus tissue	Human Protein Atlas
HPA_TISSUE_RNA:4493|liver	4493	MT1E	ENSG00000169715	HPA_TISSUE:liver	1743.4	nTPM	RNA consensus tissue	Human Protein Atlas
HPA_TISSUE_RNA:4502|liver	4502	MT2A	ENSG00000125148	HPA_TISSUE:liver	15847.5	nTPM	RNA consensus tissue	Human Protein Atlas
HPA_TISSUE_RNA:4524|liver	4524	MTHFR	ENSG00000177000	HPA_TISSUE:liver	11.4	nTPM	RNA consensus tissue	Human Protein Atlas
HPA_TISSUE_RNA:4547|liver	4547	MTTP	ENSG00000138823	HPA_TISSUE:liver	249.2	nTPM	RNA consensus tissue	Human Protein Atlas
HPA_TISSUE_RNA:4552|liver	4552	MTRR	ENSG00000124275	HPA_TISSUE:liver	18.1	nTPM	RNA consensus tissue	Human Protein Atlas
HPA_TISSUE_RNA:4598|liver	4598	MVK	ENSG00000110921	HPA_TISSUE:liver	58.8	nTPM	RNA consensus tissue	Human Protein Atlas
HPA_TISSUE_RNA:4605|liver	4605	MYBL2	ENSG00000101057	HPA_TISSUE:liver	1.1	nTPM	RNA consensus tissue	Human Protein Atlas
HPA_TISSUE_RNA:4609|liver	4609	MYC	ENSG00000136997	HPA_TISSUE:liver	56.1	nTPM	RNA consensus tissue	Human Protein Atlas
HPA_TISSUE_RNA:4615|liver	4615	MYD88	ENSG00000172936	HPA_TISSUE:liver	42.5	nTPM	RNA consensus tissue	Human Protein Atlas
HPA_TISSUE_RNA:463|liver	463	ZFHX3	ENSG00000140836	HPA_TISSUE:liver	2.9	nTPM	RNA consensus tissue	Human Protein Atlas
HPA_TISSUE_RNA:4683|liver	4683	NBN	ENSG00000104320	HPA_TISSUE:liver	18.1	nTPM	RNA consensus tissue	Human Protein Atlas
HPA_TISSUE_RNA:472|liver	472	ATM	ENSG00000149311	HPA_TISSUE:liver	6.4	nTPM	RNA consensus tissue	Human Protein Atlas
HPA_TISSUE_RNA:4751|liver	4751	NEK2	ENSG00000117650	HPA_TISSUE:liver	0.6	nTPM	RNA consensus tissue	Human Protein Atlas
HPA_TISSUE_RNA:4771|liver	4771	NF2	ENSG00000186575	HPA_TISSUE:liver	10.2	nTPM	RNA consensus tissue	Human Protein Atlas
HPA_TISSUE_RNA:4780|liver	4780	NFE2L2	ENSG00000116044	HPA_TISSUE:liver	159.0	nTPM	RNA consensus tissue	Human Protein Atlas
HPA_TISSUE_RNA:4790|liver	4790	NFKB1	ENSG00000109320	HPA_TISSUE:liver	16.7	nTPM	RNA consensus tissue	Human Protein Atlas
HPA_TISSUE_RNA:4792|liver	4792	NFKBIA	ENSG00000100906	HPA_TISSUE:liver	194.5	nTPM	RNA consensus tissue	Human Protein Atlas
HPA_TISSUE_RNA:4796|liver	4796	TONSL	ENSG00000160949	HPA_TISSUE:liver	1.7	nTPM	RNA consensus tissue	Human Protein Atlas
HPA_TISSUE_RNA:47|liver	47	ACLY	ENSG00000131473	HPA_TISSUE:liver	26.5	nTPM	RNA consensus tissue	Human Protein Atlas
HPA_TISSUE_RNA:4824|liver	4824	NKX3-1	ENSG00000167034	HPA_TISSUE:liver	3.8	nTPM	RNA consensus tissue	Human Protein Atlas
HPA_TISSUE_RNA:4830|liver	4830	NME1	ENSG00000239672	HPA_TISSUE:liver	87.9	nTPM	RNA consensus tissue	Human Protein Atlas
HPA_TISSUE_RNA:4837|liver	4837	NNMT	ENSG00000166741	HPA_TISSUE:liver	297.1	nTPM	RNA consensus tissue	Human Protein Atlas
HPA_TISSUE_RNA:4854|liver	4854	NOTCH3	ENSG00000074181	HPA_TISSUE:liver	3.1	nTPM	RNA consensus tissue	Human Protein Atlas
HPA_TISSUE_RNA:4864|liver	4864	NPC1	ENSG00000141458	HPA_TISSUE:liver	14.7	nTPM	RNA consensus tissue	Human Protein Atlas
HPA_TISSUE_RNA:4878|liver	4878	NPPA	ENSG00000175206	HPA_TISSUE:liver	4.4	nTPM	RNA consensus tissue	Human Protein Atlas
HPA_TISSUE_RNA:4893|liver	4893	NRAS	ENSG00000213281	HPA_TISSUE:liver	23.3	nTPM	RNA consensus tissue	Human Protein Atlas
HPA_TISSUE_RNA:4998|liver	4998	ORC1	ENSG00000085840	HPA_TISSUE:liver	0.6	nTPM	RNA consensus tissue	Human Protein Atlas
HPA_TISSUE_RNA:5027|liver	5027	P2RX7	ENSG00000089041	HPA_TISSUE:liver	4.3	nTPM	RNA consensus tissue	Human Protein Atlas
HPA_TISSUE_RNA:5052|liver	5052	PRDX1	ENSG00000117450	HPA_TISSUE:liver	785.5	nTPM	RNA consensus tissue	Human Protein Atlas
HPA_TISSUE_RNA:5054|liver	5054	SERPINE1	ENSG00000106366	HPA_TISSUE:liver	323.1	nTPM	RNA consensus tissue	Human Protein Atlas
HPA_TISSUE_RNA:5055|liver	5055	SERPINB2	ENSG00000197632	HPA_TISSUE:liver	0.3	nTPM	RNA consensus tissue	Human Protein Atlas
HPA_TISSUE_RNA:506|liver	506	ATP5F1B	ENSG00000110955	HPA_TISSUE:liver	569.5	nTPM	RNA consensus tissue	Human Protein Atlas
HPA_TISSUE_RNA:50|liver	50	ACO2	ENSG00000100412	HPA_TISSUE:liver	48.7	nTPM	RNA consensus tissue	Human Protein Atlas
HPA_TISSUE_RNA:51053|liver	51053	GMNN	ENSG00000112312	HPA_TISSUE:liver	17.4	nTPM	RNA consensus tissue	Human Protein Atlas
HPA_TISSUE_RNA:5105|liver	5105	PCK1	ENSG00000124253	HPA_TISSUE:liver	643.7	nTPM	RNA consensus tissue	Human Protein Atlas
HPA_TISSUE_RNA:51085|liver	51085	MLXIPL	ENSG00000009950	HPA_TISSUE:liver	546.1	nTPM	RNA consensus tissue	Human Protein Atlas
HPA_TISSUE_RNA:51166|liver	51166	AADAT	ENSG00000109576	HPA_TISSUE:liver	62.7	nTPM	RNA consensus tissue	Human Protein Atlas
HPA_TISSUE_RNA:51179|liver	51179	HAO2	ENSG00000116882	HPA_TISSUE:liver	397.7	nTPM	RNA consensus tissue	Human Protein Atlas
HPA_TISSUE_RNA:5118|liver	5118	PCOLCE	ENSG00000106333	HPA_TISSUE:liver	55.9	nTPM	RNA consensus tissue	Human Protein Atlas
HPA_TISSUE_RNA:51201|liver	51201	ZDHHC2	ENSG00000104219	HPA_TISSUE:liver	6.0	nTPM	RNA consensus tissue	Human Protein Atlas
HPA_TISSUE_RNA:51203|liver	51203	NUSAP1	ENSG00000137804	HPA_TISSUE:liver	4.6	nTPM	RNA consensus tissue	Human Protein Atlas
HPA_TISSUE_RNA:51266|liver	51266	CLEC1B	ENSG00000165682	HPA_TISSUE:liver	74.8	nTPM	RNA consensus tissue	Human Protein Atlas
HPA_TISSUE_RNA:51284|liver	51284	TLR7	ENSG00000196664	HPA_TISSUE:liver	0.6	nTPM	RNA consensus tissue	Human Protein Atlas
HPA_TISSUE_RNA:51302|liver	51302	CYP39A1	ENSG00000146233	HPA_TISSUE:liver	92.8	nTPM	RNA consensus tissue	Human Protein Atlas
HPA_TISSUE_RNA:51316|liver	51316	PLAC8	ENSG00000145287	HPA_TISSUE:liver	33.2	nTPM	RNA consensus tissue	Human Protein Atlas
HPA_TISSUE_RNA:5133|liver	5133	PDCD1	ENSG00000188389	HPA_TISSUE:liver	0.4	nTPM	RNA consensus tissue	Human Protein Atlas
HPA_TISSUE_RNA:51360|liver	51360	MBTPS2	ENSG00000012174	HPA_TISSUE:liver	17.5	nTPM	RNA consensus tissue	Human Protein Atlas
HPA_TISSUE_RNA:51438|liver	51438	MAGEC2	ENSG00000046774	HPA_TISSUE:liver	0.0	nTPM	RNA consensus tissue	Human Protein Atlas
HPA_TISSUE_RNA:51441|liver	51441	YTHDF2	ENSG00000198492	HPA_TISSUE:liver	39.4	nTPM	RNA consensus tissue	Human Protein Atlas
HPA_TISSUE_RNA:51512|liver	51512	GTSE1	ENSG00000075218	HPA_TISSUE:liver	0.4	nTPM	RNA consensus tissue	Human Protein Atlas
HPA_TISSUE_RNA:51514|liver	51514	DTL	ENSG00000143476	HPA_TISSUE:liver	1.2	nTPM	RNA consensus tissue	Human Protein Atlas
HPA_TISSUE_RNA:5154|liver	5154	PDGFA	ENSG00000197461	HPA_TISSUE:liver	8.4	nTPM	RNA consensus tissue	Human Protein Atlas
HPA_TISSUE_RNA:5155|liver	5155	PDGFB	ENSG00000100311	HPA_TISSUE:liver	3.4	nTPM	RNA consensus tissue	Human Protein Atlas
HPA_TISSUE_RNA:5157|liver	5157	PDGFRL	ENSG00000104213	HPA_TISSUE:liver	0.8	nTPM	RNA consensus tissue	Human Protein Atlas
HPA_TISSUE_RNA:51582|liver	51582	AZIN1	ENSG00000155096	HPA_TISSUE:liver	71.0	nTPM	RNA consensus tissue	Human Protein Atlas
HPA_TISSUE_RNA:5166|liver	5166	PDK4	ENSG00000004799	HPA_TISSUE:liver	208.9	nTPM	RNA consensus tissue	Human Protein Atlas
HPA_TISSUE_RNA:51719|liver	51719	CAB39	ENSG00000135932	HPA_TISSUE:liver	34.5	nTPM	RNA consensus tissue	Human Protein Atlas
HPA_TISSUE_RNA:5176|liver	5176	SERPINF1	ENSG00000132386	HPA_TISSUE:liver	911.2	nTPM	RNA consensus tissue	Human Protein Atlas
HPA_TISSUE_RNA:5199|liver	5199	CFP	ENSG00000126759	HPA_TISSUE:liver	11.2	nTPM	RNA consensus tissue	Human Protein Atlas
HPA_TISSUE_RNA:51|liver	51	ACOX1	ENSG00000161533	HPA_TISSUE:liver	113.3	nTPM	RNA consensus tissue	Human Protein Atlas
HPA_TISSUE_RNA:5218|liver	5218	CDK14	ENSG00000058091	HPA_TISSUE:liver	12.5	nTPM	RNA consensus tissue	Human Protein Atlas
HPA_TISSUE_RNA:5226|liver	5226	PGD	ENSG00000142657	HPA_TISSUE:liver	67.4	nTPM	RNA consensus tissue	Human Protein Atlas
HPA_TISSUE_RNA:5230|liver	5230	PGK1	ENSG00000102144	HPA_TISSUE:liver	134.5	nTPM	RNA consensus tissue	Human Protein Atlas
HPA_TISSUE_RNA:5243|liver	5243	ABCB1	ENSG00000085563	HPA_TISSUE:liver	26.1	nTPM	RNA consensus tissue	Human Protein Atlas
HPA_TISSUE_RNA:5244|liver	5244	ABCB4	ENSG00000005471	HPA_TISSUE:liver	115.1	nTPM	RNA consensus tissue	Human Protein Atlas
HPA_TISSUE_RNA:5245|liver	5245	PHB1	ENSG00000167085	HPA_TISSUE:liver	98.1	nTPM	RNA consensus tissue	Human Protein Atlas
HPA_TISSUE_RNA:5261|liver	5261	PHKG2	ENSG00000156873	HPA_TISSUE:liver	18.2	nTPM	RNA consensus tissue	Human Protein Atlas
HPA_TISSUE_RNA:5265|liver	5265	SERPINA1	ENSG00000197249	HPA_TISSUE:liver	31416.7	nTPM	RNA consensus tissue	Human Protein Atlas
HPA_TISSUE_RNA:5267|liver	5267	SERPINA4	ENSG00000100665	HPA_TISSUE:liver	514.2	nTPM	RNA consensus tissue	Human Protein Atlas
HPA_TISSUE_RNA:5290|liver	5290	PIK3CA	ENSG00000121879	HPA_TISSUE:liver	6.6	nTPM	RNA consensus tissue	Human Protein Atlas
HPA_TISSUE_RNA:5307|liver	5307	PITX1	ENSG00000069011	HPA_TISSUE:liver	0.2	nTPM	RNA consensus tissue	Human Protein Atlas
HPA_TISSUE_RNA:5315|liver	5315	PKM	ENSG00000067225	HPA_TISSUE:liver	30.1	nTPM	RNA consensus tissue	Human Protein Atlas
HPA_TISSUE_RNA:5317|liver	5317	PKP1	ENSG00000081277	HPA_TISSUE:liver	0.3	nTPM	RNA consensus tissue	Human Protein Atlas
HPA_TISSUE_RNA:5328|liver	5328	PLAU	ENSG00000122861	HPA_TISSUE:liver	4.6	nTPM	RNA consensus tissue	Human Protein Atlas
HPA_TISSUE_RNA:53345|liver	53345	TM6SF2	ENSG00000213996	HPA_TISSUE:liver	32.0	nTPM	RNA consensus tissue	Human Protein Atlas
HPA_TISSUE_RNA:53353|liver	53353	LRP1B	ENSG00000168702	HPA_TISSUE:liver	0.1	nTPM	RNA consensus tissue	Human Protein Atlas
HPA_TISSUE_RNA:5335|liver	5335	PLCG1	ENSG00000124181	HPA_TISSUE:liver	8.0	nTPM	RNA consensus tissue	Human Protein Atlas
HPA_TISSUE_RNA:5347|liver	5347	PLK1	ENSG00000166851	HPA_TISSUE:liver	1.9	nTPM	RNA consensus tissue	Human Protein Atlas
HPA_TISSUE_RNA:5352|liver	5352	PLOD2	ENSG00000152952	HPA_TISSUE:liver	53.0	nTPM	RNA consensus tissue	Human Protein Atlas
HPA_TISSUE_RNA:5395|liver	5395	PMS2	ENSG00000122512	HPA_TISSUE:liver	5.7	nTPM	RNA consensus tissue	Human Protein Atlas
HPA_TISSUE_RNA:540|liver	540	ATP7B	ENSG00000123191	HPA_TISSUE:liver	7.6	nTPM	RNA consensus tissue	Human Protein Atlas
HPA_TISSUE_RNA:54106|liver	54106	TLR9	ENSG00000239732	HPA_TISSUE:liver	0.4	nTPM	RNA consensus tissue	Human Protein Atlas
HPA_TISSUE_RNA:5428|liver	5428	POLG	ENSG00000140521	HPA_TISSUE:liver	7.9	nTPM	RNA consensus tissue	Human Protein Atlas
HPA_TISSUE_RNA:54443|liver	54443	ANLN	ENSG00000011426	HPA_TISSUE:liver	1.1	nTPM	RNA consensus tissue	Human Protein Atlas
HPA_TISSUE_RNA:5465|liver	5465	PPARA	ENSG00000186951	HPA_TISSUE:liver	30.8	nTPM	RNA consensus tissue	Human Protein Atlas
HPA_TISSUE_RNA:5467|liver	5467	PPARD	ENSG00000112033	HPA_TISSUE:liver	31.8	nTPM	RNA consensus tissue	Human Protein Atlas
HPA_TISSUE_RNA:5468|liver	5468	PPARG	ENSG00000132170	HPA_TISSUE:liver	16.2	nTPM	RNA consensus tissue	Human Protein Atlas
HPA_TISSUE_RNA:5469|liver	5469	MED1	ENSG00000125686	HPA_TISSUE:liver	8.3	nTPM	RNA consensus tissue	Human Protein Atlas
HPA_TISSUE_RNA:54790|liver	54790	TET2	ENSG00000168769	HPA_TISSUE:liver	3.9	nTPM	RNA consensus tissue	Human Protein Atlas
HPA_TISSUE_RNA:54822|liver	54822	TRPM7	ENSG00000092439	HPA_TISSUE:liver	23.1	nTPM	RNA consensus tissue	Human Protein Atlas
HPA_TISSUE_RNA:54894|liver	54894	RNF43	ENSG00000108375	HPA_TISSUE:liver	9.4	nTPM	RNA consensus tissue	Human Protein Atlas
HPA_TISSUE_RNA:54914|liver	54914	FOCAD	ENSG00000188352	HPA_TISSUE:liver	1.9	nTPM	RNA consensus tissue	Human Protein Atlas
HPA_TISSUE_RNA:54968|liver	54968	TMEM70	ENSG00000175606	HPA_TISSUE:liver	23.5	nTPM	RNA consensus tissue	Human Protein Atlas
HPA_TISSUE_RNA:54984|liver	54984	PINX1	ENSG00000254093	HPA_TISSUE:liver	11.2	nTPM	RNA consensus tissue	Human Protein Atlas
HPA_TISSUE_RNA:55000|liver	55000	TUG1	ENSG00000253352	HPA_TISSUE:liver	7.6	nTPM	RNA consensus tissue	Human Protein Atlas
HPA_TISSUE_RNA:5502|liver	5502	PPP1R1A	ENSG00000135447	HPA_TISSUE:liver	133.3	nTPM	RNA consensus tissue	Human Protein Atlas
HPA_TISSUE_RNA:55143|liver	55143	CDCA8	ENSG00000134690	HPA_TISSUE:liver	1.3	nTPM	RNA consensus tissue	Human Protein Atlas
HPA_TISSUE_RNA:55165|liver	55165	CEP55	ENSG00000138180	HPA_TISSUE:liver	0.6	nTPM	RNA consensus tissue	Human Protein Atlas
HPA_TISSUE_RNA:55215|liver	55215	FANCI	ENSG00000140525	HPA_TISSUE:liver	2.7	nTPM	RNA consensus tissue	Human Protein Atlas
HPA_TISSUE_RNA:55227|liver	55227	LRRC1	ENSG00000137269	HPA_TISSUE:liver	0.8	nTPM	RNA consensus tissue	Human Protein Atlas
HPA_TISSUE_RNA:55247|liver	55247	NEIL3	ENSG00000109674	HPA_TISSUE:liver	0.2	nTPM	RNA consensus tissue	Human Protein Atlas
HPA_TISSUE_RNA:55355|liver	55355	HJURP	ENSG00000123485	HPA_TISSUE:liver	0.8	nTPM	RNA consensus tissue	Human Protein Atlas
HPA_TISSUE_RNA:55379|liver	55379	LRRC59	ENSG00000108829	HPA_TISSUE:liver	70.9	nTPM	RNA consensus tissue	Human Protein Atlas
HPA_TISSUE_RNA:55388|liver	55388	MCM10	ENSG00000065328	HPA_TISSUE:liver	0.7	nTPM	RNA consensus tissue	Human Protein Atlas
HPA_TISSUE_RNA:5551|liver	5551	PRF1	ENSG00000180644	HPA_TISSUE:liver	5.9	nTPM	RNA consensus tissue	Human Protein Atlas
HPA_TISSUE_RNA:55532|liver	55532	SLC30A10	ENSG00000196660	HPA_TISSUE:liver	44.2	nTPM	RNA consensus tissue	Human Protein Atlas
HPA_TISSUE_RNA:55576|liver	55576	STAB2	ENSG00000136011	HPA_TISSUE:liver	13.7	nTPM	RNA consensus tissue	Human Protein Atlas
HPA_TISSUE_RNA:55635|liver	55635	DEPDC1	ENSG00000024526	HPA_TISSUE:liver	0.4	nTPM	RNA consensus tissue	Human Protein Atlas
HPA_TISSUE_RNA:5566|liver	5566	PRKACA	ENSG00000072062	HPA_TISSUE:liver	75.2	nTPM	RNA consensus tissue	Human Protein Atlas
HPA_TISSUE_RNA:55723|liver	55723	ASF1B	ENSG00000105011	HPA_TISSUE:liver	1.5	nTPM	RNA consensus tissue	Human Protein Atlas
HPA_TISSUE_RNA:55789|liver	55789	DEPDC1B	ENSG00000035499	HPA_TISSUE:liver	0.3	nTPM	RNA consensus tissue	Human Protein Atlas
HPA_TISSUE_RNA:5578|liver	5578	PRKCA	ENSG00000154229	HPA_TISSUE:liver	6.8	nTPM	RNA consensus tissue	Human Protein Atlas
HPA_TISSUE_RNA:5580|liver	5580	PRKCD	ENSG00000163932	HPA_TISSUE:liver	7.3	nTPM	RNA consensus tissue	Human Protein Atlas
HPA_TISSUE_RNA:5581|liver	5581	PRKCE	ENSG00000171132	HPA_TISSUE:liver	11.7	nTPM	RNA consensus tissue	Human Protein Atlas
HPA_TISSUE_RNA:55840|liver	55840	EAF2	ENSG00000145088	HPA_TISSUE:liver	3.3	nTPM	RNA consensus tissue	Human Protein Atlas
HPA_TISSUE_RNA:55872|liver	55872	PBK	ENSG00000168078	HPA_TISSUE:liver	1.0	nTPM	RNA consensus tissue	Human Protein Atlas
HPA_TISSUE_RNA:56339|liver	56339	METTL3	ENSG00000165819	HPA_TISSUE:liver	11.4	nTPM	RNA consensus tissue	Human Protein Atlas
HPA_TISSUE_RNA:56892|liver	56892	TCIM	ENSG00000176907	HPA_TISSUE:liver	200.6	nTPM	RNA consensus tissue	Human Protein Atlas
HPA_TISSUE_RNA:56992|liver	56992	KIF15	ENSG00000163808	HPA_TISSUE:liver	0.1	nTPM	RNA consensus tissue	Human Protein Atlas
HPA_TISSUE_RNA:57016|liver	57016	AKR1B10	ENSG00000198074	HPA_TISSUE:liver	38.9	nTPM	RNA consensus tissue	Human Protein Atlas
HPA_TISSUE_RNA:57125|liver	57125	PLXDC1	ENSG00000161381	HPA_TISSUE:liver	0.6	nTPM	RNA consensus tissue	Human Protein Atlas
HPA_TISSUE_RNA:5728|liver	5728	PTEN	ENSG00000171862	HPA_TISSUE:liver	40.2	nTPM	RNA consensus tissue	Human Protein Atlas
HPA_TISSUE_RNA:57393|liver	57393	CLTRN	ENSG00000147003	HPA_TISSUE:liver	57.5	nTPM	RNA consensus tissue	Human Protein Atlas
HPA_TISSUE_RNA:57405|liver	57405	SPC25	ENSG00000152253	HPA_TISSUE:liver	0.8	nTPM	RNA consensus tissue	Human Protein Atlas
HPA_TISSUE_RNA:5743|liver	5743	PTGS2	ENSG00000073756	HPA_TISSUE:liver	7.4	nTPM	RNA consensus tissue	Human Protein Atlas
HPA_TISSUE_RNA:5745|liver	5745	PTH1R	ENSG00000160801	HPA_TISSUE:liver	84.2	nTPM	RNA consensus tissue	Human Protein Atlas
HPA_TISSUE_RNA:5747|liver	5747	PTK2	ENSG00000169398	HPA_TISSUE:liver	28.2	nTPM	RNA consensus tissue	Human Protein Atlas
HPA_TISSUE_RNA:57492|liver	57492	ARID1B	ENSG00000049618	HPA_TISSUE:liver	8.1	nTPM	RNA consensus tissue	Human Protein Atlas
HPA_TISSUE_RNA:57509|liver	57509	MTUS1	ENSG00000129422	HPA_TISSUE:liver	52.9	nTPM	RNA consensus tissue	Human Protein Atlas
HPA_TISSUE_RNA:57510|liver	57510	XPO5	ENSG00000124571	HPA_TISSUE:liver	6.3	nTPM	RNA consensus tissue	Human Protein Atlas
HPA_TISSUE_RNA:57512|liver	57512	GPR158	ENSG00000151025	HPA_TISSUE:liver	0.0	nTPM	RNA consensus tissue	Human Protein Atlas
HPA_TISSUE_RNA:57591|liver	57591	MRTFA	ENSG00000196588	HPA_TISSUE:liver	11.4	nTPM	RNA consensus tissue	Human Protein Atlas
HPA_TISSUE_RNA:57733|liver	57733	GBA3	ENSG00000249948	HPA_TISSUE:liver	211.1	nTPM	RNA consensus tissue	Human Protein Atlas
HPA_TISSUE_RNA:57761|liver	57761	TRIB3	ENSG00000101255	HPA_TISSUE:liver	80.6	nTPM	RNA consensus tissue	Human Protein Atlas
HPA_TISSUE_RNA:57817|liver	57817	HAMP	ENSG00000105697	HPA_TISSUE:liver	3623.6	nTPM	RNA consensus tissue	Human Protein Atlas
HPA_TISSUE_RNA:5783|liver	5783	PTPN13	ENSG00000163629	HPA_TISSUE:liver	1.3	nTPM	RNA consensus tissue	Human Protein Atlas
HPA_TISSUE_RNA:5836|liver	5836	PYGL	ENSG00000100504	HPA_TISSUE:liver	136.2	nTPM	RNA consensus tissue	Human Protein Atlas
HPA_TISSUE_RNA:58508|liver	58508	KMT2C	ENSG00000055609	HPA_TISSUE:liver	9.0	nTPM	RNA consensus tissue	Human Protein Atlas
HPA_TISSUE_RNA:5858|liver	5858	PZP	ENSG00000126838	HPA_TISSUE:liver	76.4	nTPM	RNA consensus tissue	Human Protein Atlas
HPA_TISSUE_RNA:5879|liver	5879	RAC1	ENSG00000136238	HPA_TISSUE:liver	126.8	nTPM	RNA consensus tissue	Human Protein Atlas
HPA_TISSUE_RNA:5885|liver	5885	RAD21	ENSG00000164754	HPA_TISSUE:liver	58.1	nTPM	RNA consensus tissue	Human Protein Atlas
HPA_TISSUE_RNA:5893|liver	5893	RAD52	ENSG00000002016	HPA_TISSUE:liver	6.1	nTPM	RNA consensus tissue	Human Protein Atlas
HPA_TISSUE_RNA:5897|liver	5897	RAG2	ENSG00000175097	HPA_TISSUE:liver	0.0	nTPM	RNA consensus tissue	Human Protein Atlas
HPA_TISSUE_RNA:59067|liver	59067	IL21	ENSG00000138684	HPA_TISSUE:liver	0.0	nTPM	RNA consensus tissue	Human Protein Atlas
HPA_TISSUE_RNA:5914|liver	5914	RARA	ENSG00000131759	HPA_TISSUE:liver	37.9	nTPM	RNA consensus tissue	Human Protein Atlas
HPA_TISSUE_RNA:5925|liver	5925	RB1	ENSG00000139687	HPA_TISSUE:liver	13.5	nTPM	RNA consensus tissue	Human Protein Atlas
HPA_TISSUE_RNA:595|liver	595	CCND1	ENSG00000110092	HPA_TISSUE:liver	100.4	nTPM	RNA consensus tissue	Human Protein Atlas
HPA_TISSUE_RNA:5962|liver	5962	RDX	ENSG00000137710	HPA_TISSUE:liver	64.1	nTPM	RNA consensus tissue	Human Protein Atlas
HPA_TISSUE_RNA:5965|liver	5965	RECQL	ENSG00000004700	HPA_TISSUE:liver	14.7	nTPM	RNA consensus tissue	Human Protein Atlas
HPA_TISSUE_RNA:5972|liver	5972	REN	ENSG00000143839	HPA_TISSUE:liver	0.7	nTPM	RNA consensus tissue	Human Protein Atlas
HPA_TISSUE_RNA:5979|liver	5979	RET	ENSG00000165731	HPA_TISSUE:liver	1.2	nTPM	RNA consensus tissue	Human Protein Atlas
HPA_TISSUE_RNA:598|liver	598	BCL2L1	ENSG00000171552	HPA_TISSUE:liver	71.2	nTPM	RNA consensus tissue	Human Protein Atlas
HPA_TISSUE_RNA:59|liver	59	ACTA2	ENSG00000107796	HPA_TISSUE:liver	154.5	nTPM	RNA consensus tissue	Human Protein Atlas
HPA_TISSUE_RNA:6016|liver	6016	RIT1	ENSG00000143622	HPA_TISSUE:liver	10.9	nTPM	RNA consensus tissue	Human Protein Atlas
HPA_TISSUE_RNA:60529|liver	60529	ALX4	ENSG00000052850	HPA_TISSUE:liver	0.0	nTPM	RNA consensus tissue	Human Protein Atlas
HPA_TISSUE_RNA:6091|liver	6091	ROBO1	ENSG00000169855	HPA_TISSUE:liver	3.4	nTPM	RNA consensus tissue	Human Protein Atlas
HPA_TISSUE_RNA:60|liver	60	ACTB	ENSG00000075624	HPA_TISSUE:liver	1895.2	nTPM	RNA consensus tissue	Human Protein Atlas
HPA_TISSUE_RNA:6194|liver	6194	RPS6	ENSG00000137154	HPA_TISSUE:liver	1269.4	nTPM	RNA consensus tissue	Human Protein Atlas
HPA_TISSUE_RNA:6197|liver	6197	RPS6KA3	ENSG00000177189	HPA_TISSUE:liver	42.1	nTPM	RNA consensus tissue	Human Protein Atlas
HPA_TISSUE_RNA:6240|liver	6240	RRM1	ENSG00000167325	HPA_TISSUE:liver	17.2	nTPM	RNA consensus tissue	Human Protein Atlas
HPA_TISSUE_RNA:6241|liver	6241	RRM2	ENSG00000171848	HPA_TISSUE:liver	2.9	nTPM	RNA consensus tissue	Human Protein Atlas
HPA_TISSUE_RNA:6263|liver	6263	RYR3	ENSG00000198838	HPA_TISSUE:liver	0.0	nTPM	RNA consensus tissue	Human Protein Atlas
HPA_TISSUE_RNA:6319|liver	6319	SCD	ENSG00000099194	HPA_TISSUE:liver	546.1	nTPM	RNA consensus tissue	Human Protein Atlas
HPA_TISSUE_RNA:6347|liver	6347	CCL2	ENSG00000108691	HPA_TISSUE:liver	150.1	nTPM	RNA consensus tissue	Human Protein Atlas
HPA_TISSUE_RNA:6348|liver	6348	CCL3	ENSG00000277632	HPA_TISSUE:liver	12.0	nTPM	RNA consensus tissue	Human Protein Atlas
HPA_TISSUE_RNA:6352|liver	6352	CCL5	ENSG00000271503	HPA_TISSUE:liver	26.5	nTPM	RNA consensus tissue	Human Protein Atlas
HPA_TISSUE_RNA:637|liver	637	BID	ENSG00000015475	HPA_TISSUE:liver	45.1	nTPM	RNA consensus tissue	Human Protein Atlas
HPA_TISSUE_RNA:6387|liver	6387	CXCL12	ENSG00000107562	HPA_TISSUE:liver	230.7	nTPM	RNA consensus tissue	Human Protein Atlas
HPA_TISSUE_RNA:639|liver	639	PRDM1	ENSG00000057657	HPA_TISSUE:liver	4.2	nTPM	RNA consensus tissue	Human Protein Atlas
HPA_TISSUE_RNA:64151|liver	64151	NCAPG	ENSG00000109805	HPA_TISSUE:liver	0.6	nTPM	RNA consensus tissue	Human Protein Atlas
HPA_TISSUE_RNA:6422|liver	6422	SFRP1	ENSG00000104332	HPA_TISSUE:liver	5.7	nTPM	RNA consensus tissue	Human Protein Atlas
HPA_TISSUE_RNA:6427|liver	6427	SRSF2	ENSG00000161547	HPA_TISSUE:liver	115.0	nTPM	RNA consensus tissue	Human Protein Atlas
HPA_TISSUE_RNA:64399|liver	64399	HHIP	ENSG00000164161	HPA_TISSUE:liver	6.3	nTPM	RNA consensus tissue	Human Protein Atlas
HPA_TISSUE_RNA:64478|liver	64478	CSMD1	ENSG00000183117	HPA_TISSUE:liver	0.0	nTPM	RNA consensus tissue	Human Protein Atlas
HPA_TISSUE_RNA:6455|liver	6455	SH3GL1	ENSG00000141985	HPA_TISSUE:liver	55.7	nTPM	RNA consensus tissue	Human Protein Atlas
HPA_TISSUE_RNA:6464|liver	6464	SHC1	ENSG00000160691	HPA_TISSUE:liver	88.9	nTPM	RNA consensus tissue	Human Protein Atlas
HPA_TISSUE_RNA:64651|liver	64651	CSRNP1	ENSG00000144655	HPA_TISSUE:liver	61.4	nTPM	RNA consensus tissue	Human Protein Atlas
HPA_TISSUE_RNA:6469|liver	6469	SHH	ENSG00000164690	HPA_TISSUE:liver	12.5	nTPM	RNA consensus tissue	Human Protein Atlas
HPA_TISSUE_RNA:648|liver	648	BMI1	ENSG00000168283	HPA_TISSUE:liver	33.3	nTPM	RNA consensus tissue	Human Protein Atlas
HPA_TISSUE_RNA:65010|liver	65010	SLC26A6	ENSG00000225697	HPA_TISSUE:liver	7.6	nTPM	RNA consensus tissue	Human Protein Atlas
HPA_TISSUE_RNA:6502|liver	6502	SKP2	ENSG00000145604	HPA_TISSUE:liver	10.7	nTPM	RNA consensus tissue	Human Protein Atlas
HPA_TISSUE_RNA:6513|liver	6513	SLC2A1	ENSG00000117394	HPA_TISSUE:liver	1.4	nTPM	RNA consensus tissue	Human Protein Atlas
HPA_TISSUE_RNA:6514|liver	6514	SLC2A2	ENSG00000163581	HPA_TISSUE:liver	781.9	nTPM	RNA consensus tissue	Human Protein Atlas
HPA_TISSUE_RNA:6528|liver	6528	SLC5A5	ENSG00000105641	HPA_TISSUE:liver	0.0	nTPM	RNA consensus tissue	Human Protein Atlas
HPA_TISSUE_RNA:6532|liver	6532	SLC6A4	ENSG00000108576	HPA_TISSUE:liver	0.0	nTPM	RNA consensus tissue	Human Protein Atlas
HPA_TISSUE_RNA:6554|liver	6554	SLC10A1	ENSG00000100652	HPA_TISSUE:liver	399.1	nTPM	RNA consensus tissue	Human Protein Atlas
HPA_TISSUE_RNA:6580|liver	6580	SLC22A1	ENSG00000175003	HPA_TISSUE:liver	595.7	nTPM	RNA consensus tissue	Human Protein Atlas
HPA_TISSUE_RNA:6597|liver	6597	SMARCA4	ENSG00000127616	HPA_TISSUE:liver	13.4	nTPM	RNA consensus tissue	Human Protein Atlas
HPA_TISSUE_RNA:6608|liver	6608	SMO	ENSG00000128602	HPA_TISSUE:liver	22.4	nTPM	RNA consensus tissue	Human Protein Atlas
HPA_TISSUE_RNA:6615|liver	6615	SNAI1	ENSG00000124216	HPA_TISSUE:liver	5.0	nTPM	RNA consensus tissue	Human Protein Atlas
HPA_TISSUE_RNA:6635|liver	6635	SNRPE	ENSG00000182004	HPA_TISSUE:liver	42.8	nTPM	RNA consensus tissue	Human Protein Atlas
HPA_TISSUE_RNA:6647|liver	6647	SOD1	ENSG00000142168	HPA_TISSUE:liver	1537.1	nTPM	RNA consensus tissue	Human Protein Atlas
HPA_TISSUE_RNA:6648|liver	6648	SOD2	ENSG00000291237	HPA_TISSUE:liver	188.1	nTPM	RNA consensus tissue	Human Protein Atlas
HPA_TISSUE_RNA:6678|liver	6678	SPARC	ENSG00000113140	HPA_TISSUE:liver	147.9	nTPM	RNA consensus tissue	Human Protein Atlas
HPA_TISSUE_RNA:6695|liver	6695	SPOCK1	ENSG00000152377	HPA_TISSUE:liver	0.2	nTPM	RNA consensus tissue	Human Protein Atlas
HPA_TISSUE_RNA:6696|liver	6696	SPP1	ENSG00000118785	HPA_TISSUE:liver	33.9	nTPM	RNA consensus tissue	Human Protein Atlas
HPA_TISSUE_RNA:6720|liver	6720	SREBF1	ENSG00000072310	HPA_TISSUE:liver	113.9	nTPM	RNA consensus tissue	Human Protein Atlas
HPA_TISSUE_RNA:6721|liver	6721	SREBF2	ENSG00000198911	HPA_TISSUE:liver	34.0	nTPM	RNA consensus tissue	Human Protein Atlas
HPA_TISSUE_RNA:673|liver	673	BRAF	ENSG00000157764	HPA_TISSUE:liver	6.9	nTPM	RNA consensus tissue	Human Protein Atlas
HPA_TISSUE_RNA:6756|liver	6756	SSX1	ENSG00000126752	HPA_TISSUE:liver	0.0	nTPM	RNA consensus tissue	Human Protein Atlas
HPA_TISSUE_RNA:6772|liver	6772	STAT1	ENSG00000115415	HPA_TISSUE:liver	63.2	nTPM	RNA consensus tissue	Human Protein Atlas
HPA_TISSUE_RNA:6775|liver	6775	STAT4	ENSG00000138378	HPA_TISSUE:liver	10.2	nTPM	RNA consensus tissue	Human Protein Atlas
HPA_TISSUE_RNA:6790|liver	6790	AURKA	ENSG00000087586	HPA_TISSUE:liver	4.8	nTPM	RNA consensus tissue	Human Protein Atlas
HPA_TISSUE_RNA:682|liver	682	BSG	ENSG00000172270	HPA_TISSUE:liver	209.6	nTPM	RNA consensus tissue	Human Protein Atlas
HPA_TISSUE_RNA:6888|liver	6888	TALDO1	ENSG00000177156	HPA_TISSUE:liver	146.2	nTPM	RNA consensus tissue	Human Protein Atlas
HPA_TISSUE_RNA:688|liver	688	KLF5	ENSG00000102554	HPA_TISSUE:liver	4.4	nTPM	RNA consensus tissue	Human Protein Atlas
HPA_TISSUE_RNA:6927|liver	6927	HNF1A	ENSG00000135100	HPA_TISSUE:liver	9.7	nTPM	RNA consensus tissue	Human Protein Atlas
HPA_TISSUE_RNA:6941|liver	6941	TCF19	ENSG00000137310	HPA_TISSUE:liver	2.0	nTPM	RNA consensus tissue	Human Protein Atlas
HPA_TISSUE_RNA:699|liver	699	BUB1	ENSG00000169679	HPA_TISSUE:liver	0.5	nTPM	RNA consensus tissue	Human Protein Atlas
HPA_TISSUE_RNA:7001|liver	7001	PRDX2	ENSG00000167815	HPA_TISSUE:liver	313.2	nTPM	RNA consensus tissue	Human Protein Atlas
HPA_TISSUE_RNA:7011|liver	7011	TEP1	ENSG00000129566	HPA_TISSUE:liver	6.1	nTPM	RNA consensus tissue	Human Protein Atlas
HPA_TISSUE_RNA:7015|liver	7015	TERT	ENSG00000164362	HPA_TISSUE:liver	0.0	nTPM	RNA consensus tissue	Human Protein Atlas
HPA_TISSUE_RNA:7019|liver	7019	TFAM	ENSG00000108064	HPA_TISSUE:liver	21.2	nTPM	RNA consensus tissue	Human Protein Atlas
HPA_TISSUE_RNA:701|liver	701	BUB1B	ENSG00000156970	HPA_TISSUE:liver	0.4	nTPM	RNA consensus tissue	Human Protein Atlas
HPA_TISSUE_RNA:7035|liver	7035	TFPI	ENSG00000003436	HPA_TISSUE:liver	254.3	nTPM	RNA consensus tissue	Human Protein Atlas
HPA_TISSUE_RNA:7038|liver	7038	TG	ENSG00000042832	HPA_TISSUE:liver	3.1	nTPM	RNA consensus tissue	Human Protein Atlas
HPA_TISSUE_RNA:7039|liver	7039	TGFA	ENSG00000163235	HPA_TISSUE:liver	4.2	nTPM	RNA consensus tissue	Human Protein Atlas
HPA_TISSUE_RNA:7040|liver	7040	TGFB1	ENSG00000105329	HPA_TISSUE:liver	15.0	nTPM	RNA consensus tissue	Human Protein Atlas
HPA_TISSUE_RNA:7042|liver	7042	TGFB2	ENSG00000092969	HPA_TISSUE:liver	0.5	nTPM	RNA consensus tissue	Human Protein Atlas
HPA_TISSUE_RNA:7046|liver	7046	TGFBR1	ENSG00000106799	HPA_TISSUE:liver	13.7	nTPM	RNA consensus tissue	Human Protein Atlas
HPA_TISSUE_RNA:7053|liver	7053	TGM3	ENSG00000125780	HPA_TISSUE:liver	0.7	nTPM	RNA consensus tissue	Human Protein Atlas
HPA_TISSUE_RNA:7054|liver	7054	TH	ENSG00000180176	HPA_TISSUE:liver	0.4	nTPM	RNA consensus tissue	Human Protein Atlas
HPA_TISSUE_RNA:7057|liver	7057	THBS1	ENSG00000137801	HPA_TISSUE:liver	121.0	nTPM	RNA consensus tissue	Human Protein Atlas
HPA_TISSUE_RNA:7070|liver	7070	THY1	ENSG00000154096	HPA_TISSUE:liver	6.9	nTPM	RNA consensus tissue	Human Protein Atlas
HPA_TISSUE_RNA:7083|liver	7083	TK1	ENSG00000167900	HPA_TISSUE:liver	10.1	nTPM	RNA consensus tissue	Human Protein Atlas
HPA_TISSUE_RNA:7097|liver	7097	TLR2	ENSG00000137462	HPA_TISSUE:liver	10.9	nTPM	RNA consensus tissue	Human Protein Atlas
HPA_TISSUE_RNA:7098|liver	7098	TLR3	ENSG00000164342	HPA_TISSUE:liver	10.4	nTPM	RNA consensus tissue	Human Protein Atlas
HPA_TISSUE_RNA:7099|liver	7099	TLR4	ENSG00000136869	HPA_TISSUE:liver	15.6	nTPM	RNA consensus tissue	Human Protein Atlas
HPA_TISSUE_RNA:710|liver	710	SERPING1	ENSG00000149131	HPA_TISSUE:liver	2454.0	nTPM	RNA consensus tissue	Human Protein Atlas
HPA_TISSUE_RNA:7124|liver	7124	TNF	ENSG00000232810	HPA_TISSUE:liver	0.6	nTPM	RNA consensus tissue	Human Protein Atlas
HPA_TISSUE_RNA:7133|liver	7133	TNFRSF1B	ENSG00000028137	HPA_TISSUE:liver	14.7	nTPM	RNA consensus tissue	Human Protein Atlas
HPA_TISSUE_RNA:713|liver	713	C1QB	ENSG00000173369	HPA_TISSUE:liver	229.2	nTPM	RNA consensus tissue	Human Protein Atlas
HPA_TISSUE_RNA:714|liver	714	C1QC	ENSG00000159189	HPA_TISSUE:liver	157.9	nTPM	RNA consensus tissue	Human Protein Atlas
HPA_TISSUE_RNA:7153|liver	7153	TOP2A	ENSG00000131747	HPA_TISSUE:liver	2.7	nTPM	RNA consensus tissue	Human Protein Atlas
HPA_TISSUE_RNA:7157|liver	7157	TP53	ENSG00000141510	HPA_TISSUE:liver	15.6	nTPM	RNA consensus tissue	Human Protein Atlas
HPA_TISSUE_RNA:723961|liver	723961	INS-IGF2	ENSG00000129965	HPA_TISSUE:liver	1.0	nTPM	RNA consensus tissue	Human Protein Atlas
HPA_TISSUE_RNA:7248|liver	7248	TSC1	ENSG00000165699	HPA_TISSUE:liver	3.6	nTPM	RNA consensus tissue	Human Protein Atlas
HPA_TISSUE_RNA:7263|liver	7263	TST	ENSG00000128311	HPA_TISSUE:liver	555.5	nTPM	RNA consensus tissue	Human Protein Atlas
HPA_TISSUE_RNA:7272|liver	7272	TTK	ENSG00000112742	HPA_TISSUE:liver	0.5	nTPM	RNA consensus tissue	Human Protein Atlas
HPA_TISSUE_RNA:727|liver	727	C5	ENSG00000106804	HPA_TISSUE:liver	418.8	nTPM	RNA consensus tissue	Human Protein Atlas
HPA_TISSUE_RNA:729230|liver	729230	CCR2	ENSG00000121807	HPA_TISSUE:liver	1.9	nTPM	RNA consensus tissue	Human Protein Atlas
HPA_TISSUE_RNA:7298|liver	7298	TYMS	ENSG00000176890	HPA_TISSUE:liver	11.1	nTPM	RNA consensus tissue	Human Protein Atlas
HPA_TISSUE_RNA:7325|liver	7325	UBE2E2	ENSG00000182247	HPA_TISSUE:liver	12.5	nTPM	RNA consensus tissue	Human Protein Atlas
HPA_TISSUE_RNA:7345|liver	7345	UCHL1	ENSG00000154277	HPA_TISSUE:liver	1.9	nTPM	RNA consensus tissue	Human Protein Atlas
HPA_TISSUE_RNA:735|liver	735	C9	ENSG00000113600	HPA_TISSUE:liver	1222.6	nTPM	RNA consensus tissue	Human Protein Atlas
HPA_TISSUE_RNA:7372|liver	7372	UMPS	ENSG00000114491	HPA_TISSUE:liver	2.5	nTPM	RNA consensus tissue	Human Protein Atlas
HPA_TISSUE_RNA:7375|liver	7375	USP4	ENSG00000114316	HPA_TISSUE:liver	18.9	nTPM	RNA consensus tissue	Human Protein Atlas
HPA_TISSUE_RNA:7376|liver	7376	NR1H2	ENSG00000131408	HPA_TISSUE:liver	64.0	nTPM	RNA consensus tissue	Human Protein Atlas
HPA_TISSUE_RNA:7403|liver	7403	KDM6A	ENSG00000147050	HPA_TISSUE:liver	9.0	nTPM	RNA consensus tissue	Human Protein Atlas
HPA_TISSUE_RNA:7412|liver	7412	VCAM1	ENSG00000162692	HPA_TISSUE:liver	40.8	nTPM	RNA consensus tissue	Human Protein Atlas
HPA_TISSUE_RNA:7421|liver	7421	VDR	ENSG00000111424	HPA_TISSUE:liver	1.0	nTPM	RNA consensus tissue	Human Protein Atlas
HPA_TISSUE_RNA:7422|liver	7422	VEGFA	ENSG00000112715	HPA_TISSUE:liver	202.0	nTPM	RNA consensus tissue	Human Protein Atlas
HPA_TISSUE_RNA:7423|liver	7423	VEGFB	ENSG00000173511	HPA_TISSUE:liver	19.8	nTPM	RNA consensus tissue	Human Protein Atlas
HPA_TISSUE_RNA:7431|liver	7431	VIM	ENSG00000026025	HPA_TISSUE:liver	180.2	nTPM	RNA consensus tissue	Human Protein Atlas
HPA_TISSUE_RNA:7433|liver	7433	VIPR1	ENSG00000114812	HPA_TISSUE:liver	31.7	nTPM	RNA consensus tissue	Human Protein Atlas
HPA_TISSUE_RNA:7436|liver	7436	VLDLR	ENSG00000147852	HPA_TISSUE:liver	0.8	nTPM	RNA consensus tissue	Human Protein Atlas
HPA_TISSUE_RNA:7448|liver	7448	VTN	ENSG00000109072	HPA_TISSUE:liver	5644.8	nTPM	RNA consensus tissue	Human Protein Atlas
HPA_TISSUE_RNA:7472|liver	7472	WNT2	ENSG00000105989	HPA_TISSUE:liver	0.5	nTPM	RNA consensus tissue	Human Protein Atlas
HPA_TISSUE_RNA:7494|liver	7494	XBP1	ENSG00000100219	HPA_TISSUE:liver	642.6	nTPM	RNA consensus tissue	Human Protein Atlas
HPA_TISSUE_RNA:7514|liver	7514	XPO1	ENSG00000082898	HPA_TISSUE:liver	39.7	nTPM	RNA consensus tissue	Human Protein Atlas
HPA_TISSUE_RNA:7515|liver	7515	XRCC1	ENSG00000073050	HPA_TISSUE:liver	10.8	nTPM	RNA consensus tissue	Human Protein Atlas
HPA_TISSUE_RNA:7538|liver	7538	ZFP36	ENSG00000128016	HPA_TISSUE:liver	441.0	nTPM	RNA consensus tissue	Human Protein Atlas
HPA_TISSUE_RNA:7546|liver	7546	ZIC2	ENSG00000043355	HPA_TISSUE:liver	0.0	nTPM	RNA consensus tissue	Human Protein Atlas
HPA_TISSUE_RNA:7571|liver	7571	ZNF23	ENSG00000167377	HPA_TISSUE:liver	6.9	nTPM	RNA consensus tissue	Human Protein Atlas
HPA_TISSUE_RNA:760|liver	760	CA2	ENSG00000104267	HPA_TISSUE:liver	255.7	nTPM	RNA consensus tissue	Human Protein Atlas
HPA_TISSUE_RNA:7832|liver	7832	BTG2	ENSG00000159388	HPA_TISSUE:liver	19.4	nTPM	RNA consensus tissue	Human Protein Atlas
HPA_TISSUE_RNA:79019|liver	79019	CENPM	ENSG00000100162	HPA_TISSUE:liver	1.6	nTPM	RNA consensus tissue	Human Protein Atlas
HPA_TISSUE_RNA:79068|liver	79068	FTO	ENSG00000140718	HPA_TISSUE:liver	16.2	nTPM	RNA consensus tissue	Human Protein Atlas
HPA_TISSUE_RNA:79574|liver	79574	EPS8L3	ENSG00000198758	HPA_TISSUE:liver	0.4	nTPM	RNA consensus tissue	Human Protein Atlas
HPA_TISSUE_RNA:79602|liver	79602	ADIPOR2	ENSG00000006831	HPA_TISSUE:liver	77.7	nTPM	RNA consensus tissue	Human Protein Atlas
HPA_TISSUE_RNA:79682|liver	79682	CENPU	ENSG00000151725	HPA_TISSUE:liver	3.4	nTPM	RNA consensus tissue	Human Protein Atlas
HPA_TISSUE_RNA:79733|liver	79733	E2F8	ENSG00000129173	HPA_TISSUE:liver	0.3	nTPM	RNA consensus tissue	Human Protein Atlas
HPA_TISSUE_RNA:79742|liver	79742	DIPK2B	ENSG00000147113	HPA_TISSUE:liver	1.3	nTPM	RNA consensus tissue	Human Protein Atlas
HPA_TISSUE_RNA:7980|liver	7980	TFPI2	ENSG00000105825	HPA_TISSUE:liver	19.8	nTPM	RNA consensus tissue	Human Protein Atlas
HPA_TISSUE_RNA:79831|liver	79831	KDM8	ENSG00000155666	HPA_TISSUE:liver	78.1	nTPM	RNA consensus tissue	Human Protein Atlas
HPA_TISSUE_RNA:79968|liver	79968	WDR76	ENSG00000092470	HPA_TISSUE:liver	2.1	nTPM	RNA consensus tissue	Human Protein Atlas
HPA_TISSUE_RNA:80028|liver	80028	FBXL18	ENSG00000155034	HPA_TISSUE:liver	1.3	nTPM	RNA consensus tissue	Human Protein Atlas
HPA_TISSUE_RNA:80168|liver	80168	MOGAT2	ENSG00000166391	HPA_TISSUE:liver	23.6	nTPM	RNA consensus tissue	Human Protein Atlas
HPA_TISSUE_RNA:80178|liver	80178	TEDC2	ENSG00000162062	HPA_TISSUE:liver	0.8	nTPM	RNA consensus tissue	Human Protein Atlas
HPA_TISSUE_RNA:80339|liver	80339	PNPLA3	ENSG00000100344	HPA_TISSUE:liver	29.0	nTPM	RNA consensus tissue	Human Protein Atlas
HPA_TISSUE_RNA:80381|liver	80381	CD276	ENSG00000103855	HPA_TISSUE:liver	12.1	nTPM	RNA consensus tissue	Human Protein Atlas
HPA_TISSUE_RNA:81037|liver	81037	CLPTM1L	ENSG00000049656	HPA_TISSUE:liver	127.6	nTPM	RNA consensus tissue	Human Protein Atlas
HPA_TISSUE_RNA:811|liver	811	CALR	ENSG00000179218	HPA_TISSUE:liver	716.5	nTPM	RNA consensus tissue	Human Protein Atlas
HPA_TISSUE_RNA:8140|liver	8140	SLC7A5	ENSG00000103257	HPA_TISSUE:liver	24.8	nTPM	RNA consensus tissue	Human Protein Atlas
HPA_TISSUE_RNA:81539|liver	81539	SLC38A1	ENSG00000111371	HPA_TISSUE:liver	5.9	nTPM	RNA consensus tissue	Human Protein Atlas
HPA_TISSUE_RNA:81609|liver	81609	SNX27	ENSG00000143376	HPA_TISSUE:liver	8.6	nTPM	RNA consensus tissue	Human Protein Atlas
HPA_TISSUE_RNA:81610|liver	81610	FAM83D	ENSG00000101447	HPA_TISSUE:liver	3.4	nTPM	RNA consensus tissue	Human Protein Atlas
HPA_TISSUE_RNA:81620|liver	81620	CDT1	ENSG00000167513	HPA_TISSUE:liver	1.1	nTPM	RNA consensus tissue	Human Protein Atlas
HPA_TISSUE_RNA:81622|liver	81622	UNC93B1	ENSG00000110057	HPA_TISSUE:liver	15.0	nTPM	RNA consensus tissue	Human Protein Atlas
HPA_TISSUE_RNA:81930|liver	81930	KIF18A	ENSG00000121621	HPA_TISSUE:liver	0.3	nTPM	RNA consensus tissue	Human Protein Atlas
HPA_TISSUE_RNA:8208|liver	8208	CHAF1B	ENSG00000159259	HPA_TISSUE:liver	0.6	nTPM	RNA consensus tissue	Human Protein Atlas
HPA_TISSUE_RNA:8216|liver	8216	LZTR1	ENSG00000099949	HPA_TISSUE:liver	9.1	nTPM	RNA consensus tissue	Human Protein Atlas
HPA_TISSUE_RNA:8289|liver	8289	ARID1A	ENSG00000117713	HPA_TISSUE:liver	15.8	nTPM	RNA consensus tissue	Human Protein Atlas
HPA_TISSUE_RNA:8312|liver	8312	AXIN1	ENSG00000103126	HPA_TISSUE:liver	10.7	nTPM	RNA consensus tissue	Human Protein Atlas
HPA_TISSUE_RNA:8318|liver	8318	CDC45	ENSG00000093009	HPA_TISSUE:liver	1.1	nTPM	RNA consensus tissue	Human Protein Atlas
HPA_TISSUE_RNA:83394|liver	83394	PITPNM3	ENSG00000091622	HPA_TISSUE:liver	1.3	nTPM	RNA consensus tissue	Human Protein Atlas
HPA_TISSUE_RNA:83461|liver	83461	CDCA3	ENSG00000111665	HPA_TISSUE:liver	1.7	nTPM	RNA consensus tissue	Human Protein Atlas
HPA_TISSUE_RNA:83483|liver	83483	PLVAP	ENSG00000130300	HPA_TISSUE:liver	7.1	nTPM	RNA consensus tissue	Human Protein Atlas
HPA_TISSUE_RNA:83540|liver	83540	NUF2	ENSG00000143228	HPA_TISSUE:liver	0.6	nTPM	RNA consensus tissue	Human Protein Atlas
HPA_TISSUE_RNA:83597|liver	83597	RTP3	ENSG00000163825	HPA_TISSUE:liver	111.0	nTPM	RNA consensus tissue	Human Protein Atlas
HPA_TISSUE_RNA:83854|liver	83854	ANGPTL6	ENSG00000130812	HPA_TISSUE:liver	29.3	nTPM	RNA consensus tissue	Human Protein Atlas
HPA_TISSUE_RNA:83875|liver	83875	BCO2	ENSG00000197580	HPA_TISSUE:liver	48.9	nTPM	RNA consensus tissue	Human Protein Atlas
HPA_TISSUE_RNA:83876|liver	83876	MRO	ENSG00000134042	HPA_TISSUE:liver	6.7	nTPM	RNA consensus tissue	Human Protein Atlas
HPA_TISSUE_RNA:83932|liver	83932	SPRTN	ENSG00000010072	HPA_TISSUE:liver	4.8	nTPM	RNA consensus tissue	Human Protein Atlas
HPA_TISSUE_RNA:83940|liver	83940	TATDN1	ENSG00000147687	HPA_TISSUE:liver	23.5	nTPM	RNA consensus tissue	Human Protein Atlas
HPA_TISSUE_RNA:8405|liver	8405	SPOP	ENSG00000121067	HPA_TISSUE:liver	34.6	nTPM	RNA consensus tissue	Human Protein Atlas
HPA_TISSUE_RNA:8406|liver	8406	SRPX	ENSG00000101955	HPA_TISSUE:liver	16.5	nTPM	RNA consensus tissue	Human Protein Atlas
HPA_TISSUE_RNA:8407|liver	8407	TAGLN2	ENSG00000158710	HPA_TISSUE:liver	287.4	nTPM	RNA consensus tissue	Human Protein Atlas
HPA_TISSUE_RNA:84107|liver	84107	ZIC4	ENSG00000174963	HPA_TISSUE:liver	0.3	nTPM	RNA consensus tissue	Human Protein Atlas
HPA_TISSUE_RNA:841|liver	841	CASP8	ENSG00000064012	HPA_TISSUE:liver	11.1	nTPM	RNA consensus tissue	Human Protein Atlas
HPA_TISSUE_RNA:84231|liver	84231	TRAF7	ENSG00000131653	HPA_TISSUE:liver	49.4	nTPM	RNA consensus tissue	Human Protein Atlas
HPA_TISSUE_RNA:8431|liver	8431	NR0B2	ENSG00000131910	HPA_TISSUE:liver	140.3	nTPM	RNA consensus tissue	Human Protein Atlas
HPA_TISSUE_RNA:8435|liver	8435	SOAT2	ENSG00000167780	HPA_TISSUE:liver	2.8	nTPM	RNA consensus tissue	Human Protein Atlas
HPA_TISSUE_RNA:8438|liver	8438	RAD54L	ENSG00000085999	HPA_TISSUE:liver	0.5	nTPM	RNA consensus tissue	Human Protein Atlas
HPA_TISSUE_RNA:84649|liver	84649	DGAT2	ENSG00000062282	HPA_TISSUE:liver	309.8	nTPM	RNA consensus tissue	Human Protein Atlas
HPA_TISSUE_RNA:84695|liver	84695	LOXL3	ENSG00000115318	HPA_TISSUE:liver	1.4	nTPM	RNA consensus tissue	Human Protein Atlas
HPA_TISSUE_RNA:84735|liver	84735	CNDP1	ENSG00000150656	HPA_TISSUE:liver	10.9	nTPM	RNA consensus tissue	Human Protein Atlas
HPA_TISSUE_RNA:847|liver	847	CAT	ENSG00000121691	HPA_TISSUE:liver	1138.3	nTPM	RNA consensus tissue	Human Protein Atlas
HPA_TISSUE_RNA:84868|liver	84868	HAVCR2	ENSG00000135077	HPA_TISSUE:liver	8.9	nTPM	RNA consensus tissue	Human Protein Atlas
HPA_TISSUE_RNA:84870|liver	84870	RSPO3	ENSG00000146374	HPA_TISSUE:liver	6.1	nTPM	RNA consensus tissue	Human Protein Atlas
HPA_TISSUE_RNA:84873|liver	84873	ADGRG7	ENSG00000144820	HPA_TISSUE:liver	23.1	nTPM	RNA consensus tissue	Human Protein Atlas
HPA_TISSUE_RNA:84879|liver	84879	MFSD2A	ENSG00000168389	HPA_TISSUE:liver	153.9	nTPM	RNA consensus tissue	Human Protein Atlas
HPA_TISSUE_RNA:84904|liver	84904	ARHGEF39	ENSG00000137135	HPA_TISSUE:liver	1.2	nTPM	RNA consensus tissue	Human Protein Atlas
HPA_TISSUE_RNA:8517|liver	8517	IKBKG	ENSG00000269335	HPA_TISSUE:liver	62.5	nTPM	RNA consensus tissue	Human Protein Atlas
HPA_TISSUE_RNA:8535|liver	8535	CBX4	ENSG00000141582	HPA_TISSUE:liver	20.0	nTPM	RNA consensus tissue	Human Protein Atlas
HPA_TISSUE_RNA:85416|liver	85416	ZIC5	ENSG00000139800	HPA_TISSUE:liver	0.0	nTPM	RNA consensus tissue	Human Protein Atlas
HPA_TISSUE_RNA:85445|liver	85445	CNTNAP4	ENSG00000152910	HPA_TISSUE:liver	0.0	nTPM	RNA consensus tissue	Human Protein Atlas
HPA_TISSUE_RNA:85480|liver	85480	TSLP	ENSG00000145777	HPA_TISSUE:liver	10.8	nTPM	RNA consensus tissue	Human Protein Atlas
HPA_TISSUE_RNA:8614|liver	8614	STC2	ENSG00000113739	HPA_TISSUE:liver	0.9	nTPM	RNA consensus tissue	Human Protein Atlas
HPA_TISSUE_RNA:8621|liver	8621	CDK13	ENSG00000065883	HPA_TISSUE:liver	14.2	nTPM	RNA consensus tissue	Human Protein Atlas
HPA_TISSUE_RNA:8647|liver	8647	ABCB11	ENSG00000073734	HPA_TISSUE:liver	75.3	nTPM	RNA consensus tissue	Human Protein Atlas
HPA_TISSUE_RNA:864|liver	864	RUNX3	ENSG00000020633	HPA_TISSUE:liver	3.5	nTPM	RNA consensus tissue	Human Protein Atlas
HPA_TISSUE_RNA:8651|liver	8651	SOCS1	ENSG00000185338	HPA_TISSUE:liver	24.5	nTPM	RNA consensus tissue	Human Protein Atlas
HPA_TISSUE_RNA:8659|liver	8659	ALDH4A1	ENSG00000159423	HPA_TISSUE:liver	438.6	nTPM	RNA consensus tissue	Human Protein Atlas
HPA_TISSUE_RNA:8660|liver	8660	IRS2	ENSG00000185950	HPA_TISSUE:liver	20.2	nTPM	RNA consensus tissue	Human Protein Atlas
HPA_TISSUE_RNA:8667|liver	8667	EIF3H	ENSG00000147677	HPA_TISSUE:liver	122.6	nTPM	RNA consensus tissue	Human Protein Atlas
HPA_TISSUE_RNA:866|liver	866	SERPINA6	ENSG00000170099	HPA_TISSUE:liver	725.8	nTPM	RNA consensus tissue	Human Protein Atlas
HPA_TISSUE_RNA:8685|liver	8685	MARCO	ENSG00000019169	HPA_TISSUE:liver	88.8	nTPM	RNA consensus tissue	Human Protein Atlas
HPA_TISSUE_RNA:87178|liver	87178	PNPT1	ENSG00000138035	HPA_TISSUE:liver	5.2	nTPM	RNA consensus tissue	Human Protein Atlas
HPA_TISSUE_RNA:871|liver	871	SERPINH1	ENSG00000149257	HPA_TISSUE:liver	54.4	nTPM	RNA consensus tissue	Human Protein Atlas
HPA_TISSUE_RNA:8720|liver	8720	MBTPS1	ENSG00000140943	HPA_TISSUE:liver	25.7	nTPM	RNA consensus tissue	Human Protein Atlas
HPA_TISSUE_RNA:873|liver	873	CBR1	ENSG00000159228	HPA_TISSUE:liver	236.4	nTPM	RNA consensus tissue	Human Protein Atlas
HPA_TISSUE_RNA:8743|liver	8743	TNFSF10	ENSG00000121858	HPA_TISSUE:liver	195.2	nTPM	RNA consensus tissue	Human Protein Atlas
HPA_TISSUE_RNA:8805|liver	8805	TRIM24	ENSG00000122779	HPA_TISSUE:liver	21.6	nTPM	RNA consensus tissue	Human Protein Atlas
HPA_TISSUE_RNA:8821|liver	8821	INPP4B	ENSG00000109452	HPA_TISSUE:liver	1.6	nTPM	RNA consensus tissue	Human Protein Atlas
HPA_TISSUE_RNA:8826|liver	8826	IQGAP1	ENSG00000140575	HPA_TISSUE:liver	17.6	nTPM	RNA consensus tissue	Human Protein Atlas
HPA_TISSUE_RNA:8835|liver	8835	SOCS2	ENSG00000120833	HPA_TISSUE:liver	55.2	nTPM	RNA consensus tissue	Human Protein Atlas
HPA_TISSUE_RNA:8862|liver	8862	APLN	ENSG00000171388	HPA_TISSUE:liver	1.3	nTPM	RNA consensus tissue	Human Protein Atlas
HPA_TISSUE_RNA:8880|liver	8880	FUBP1	ENSG00000162613	HPA_TISSUE:liver	17.4	nTPM	RNA consensus tissue	Human Protein Atlas
HPA_TISSUE_RNA:8900|liver	8900	CCNA1	ENSG00000133101	HPA_TISSUE:liver	0.1	nTPM	RNA consensus tissue	Human Protein Atlas
HPA_TISSUE_RNA:891|liver	891	CCNB1	ENSG00000134057	HPA_TISSUE:liver	4.0	nTPM	RNA consensus tissue	Human Protein Atlas
HPA_TISSUE_RNA:894|liver	894	CCND2	ENSG00000118971	HPA_TISSUE:liver	0.5	nTPM	RNA consensus tissue	Human Protein Atlas
HPA_TISSUE_RNA:898|liver	898	CCNE1	ENSG00000105173	HPA_TISSUE:liver	0.7	nTPM	RNA consensus tissue	Human Protein Atlas
HPA_TISSUE_RNA:899|liver	899	CCNF	ENSG00000162063	HPA_TISSUE:liver	0.7	nTPM	RNA consensus tissue	Human Protein Atlas
HPA_TISSUE_RNA:900|liver	900	CCNG1	ENSG00000113328	HPA_TISSUE:liver	121.2	nTPM	RNA consensus tissue	Human Protein Atlas
HPA_TISSUE_RNA:9021|liver	9021	SOCS3	ENSG00000184557	HPA_TISSUE:liver	80.6	nTPM	RNA consensus tissue	Human Protein Atlas
HPA_TISSUE_RNA:90381|liver	90381	TICRR	ENSG00000140534	HPA_TISSUE:liver	0.1	nTPM	RNA consensus tissue	Human Protein Atlas
HPA_TISSUE_RNA:9043|liver	9043	SPAG9	ENSG00000008294	HPA_TISSUE:liver	30.8	nTPM	RNA consensus tissue	Human Protein Atlas
HPA_TISSUE_RNA:9055|liver	9055	PRC1	ENSG00000198901	HPA_TISSUE:liver	4.4	nTPM	RNA consensus tissue	Human Protein Atlas
HPA_TISSUE_RNA:9077|liver	9077	DIRAS3	ENSG00000162595	HPA_TISSUE:liver	9.0	nTPM	RNA consensus tissue	Human Protein Atlas
HPA_TISSUE_RNA:9088|liver	9088	PKMYT1	ENSG00000127564	HPA_TISSUE:liver	1.6	nTPM	RNA consensus tissue	Human Protein Atlas
HPA_TISSUE_RNA:9099|liver	9099	USP2	ENSG00000036672	HPA_TISSUE:liver	17.7	nTPM	RNA consensus tissue	Human Protein Atlas
HPA_TISSUE_RNA:9104|liver	9104	RGN	ENSG00000130988	HPA_TISSUE:liver	358.7	nTPM	RNA consensus tissue	Human Protein Atlas
HPA_TISSUE_RNA:91147|liver	91147	TMEM67	ENSG00000164953	HPA_TISSUE:liver	0.5	nTPM	RNA consensus tissue	Human Protein Atlas
HPA_TISSUE_RNA:9126|liver	9126	SMC3	ENSG00000108055	HPA_TISSUE:liver	13.2	nTPM	RNA consensus tissue	Human Protein Atlas
HPA_TISSUE_RNA:9133|liver	9133	CCNB2	ENSG00000157456	HPA_TISSUE:liver	1.3	nTPM	RNA consensus tissue	Human Protein Atlas
HPA_TISSUE_RNA:9156|liver	9156	EXO1	ENSG00000174371	HPA_TISSUE:liver	0.5	nTPM	RNA consensus tissue	Human Protein Atlas
HPA_TISSUE_RNA:91937|liver	91937	TIMD4	ENSG00000145850	HPA_TISSUE:liver	15.2	nTPM	RNA consensus tissue	Human Protein Atlas
HPA_TISSUE_RNA:9212|liver	9212	AURKB	ENSG00000178999	HPA_TISSUE:liver	1.9	nTPM	RNA consensus tissue	Human Protein Atlas
HPA_TISSUE_RNA:92140|liver	92140	MTDH	ENSG00000147649	HPA_TISSUE:liver	83.7	nTPM	RNA consensus tissue	Human Protein Atlas
HPA_TISSUE_RNA:9227|liver	9227	LRAT	ENSG00000121207	HPA_TISSUE:liver	2.0	nTPM	RNA consensus tissue	Human Protein Atlas
HPA_TISSUE_RNA:922|liver	922	CD5L	ENSG00000073754	HPA_TISSUE:liver	97.9	nTPM	RNA consensus tissue	Human Protein Atlas
HPA_TISSUE_RNA:9232|liver	9232	PTTG1	ENSG00000164611	HPA_TISSUE:liver	4.9	nTPM	RNA consensus tissue	Human Protein Atlas
HPA_TISSUE_RNA:928|liver	928	CD9	ENSG00000010278	HPA_TISSUE:liver	74.1	nTPM	RNA consensus tissue	Human Protein Atlas
HPA_TISSUE_RNA:929|liver	929	CD14	ENSG00000170458	HPA_TISSUE:liver	425.8	nTPM	RNA consensus tissue	Human Protein Atlas
HPA_TISSUE_RNA:9314|liver	9314	KLF4	ENSG00000136826	HPA_TISSUE:liver	11.5	nTPM	RNA consensus tissue	Human Protein Atlas
HPA_TISSUE_RNA:9319|liver	9319	TRIP13	ENSG00000071539	HPA_TISSUE:liver	0.8	nTPM	RNA consensus tissue	Human Protein Atlas
HPA_TISSUE_RNA:9332|liver	9332	CD163	ENSG00000177575	HPA_TISSUE:liver	83.8	nTPM	RNA consensus tissue	Human Protein Atlas
HPA_TISSUE_RNA:9343|liver	9343	EFTUD2	ENSG00000108883	HPA_TISSUE:liver	25.0	nTPM	RNA consensus tissue	Human Protein Atlas
HPA_TISSUE_RNA:9353|liver	9353	SLIT2	ENSG00000145147	HPA_TISSUE:liver	1.9	nTPM	RNA consensus tissue	Human Protein Atlas
HPA_TISSUE_RNA:9370|liver	9370	ADIPOQ	ENSG00000181092	HPA_TISSUE:liver	0.1	nTPM	RNA consensus tissue	Human Protein Atlas
HPA_TISSUE_RNA:9376|liver	9376	SLC22A8	ENSG00000149452	HPA_TISSUE:liver	0.0	nTPM	RNA consensus tissue	Human Protein Atlas
HPA_TISSUE_RNA:9448|liver	9448	MAP4K4	ENSG00000071054	HPA_TISSUE:liver	27.4	nTPM	RNA consensus tissue	Human Protein Atlas
HPA_TISSUE_RNA:9474|liver	9474	ATG5	ENSG00000057663	HPA_TISSUE:liver	16.5	nTPM	RNA consensus tissue	Human Protein Atlas
HPA_TISSUE_RNA:947|liver	947	CD34	ENSG00000174059	HPA_TISSUE:liver	5.3	nTPM	RNA consensus tissue	Human Protein Atlas
HPA_TISSUE_RNA:9493|liver	9493	KIF23	ENSG00000137807	HPA_TISSUE:liver	0.5	nTPM	RNA consensus tissue	Human Protein Atlas
HPA_TISSUE_RNA:949|liver	949	SCARB1	ENSG00000073060	HPA_TISSUE:liver	66.0	nTPM	RNA consensus tissue	Human Protein Atlas
HPA_TISSUE_RNA:9510|liver	9510	ADAMTS1	ENSG00000154734	HPA_TISSUE:liver	36.5	nTPM	RNA consensus tissue	Human Protein Atlas
HPA_TISSUE_RNA:9518|liver	9518	GDF15	ENSG00000130513	HPA_TISSUE:liver	88.3	nTPM	RNA consensus tissue	Human Protein Atlas
HPA_TISSUE_RNA:9547|liver	9547	CXCL14	ENSG00000145824	HPA_TISSUE:liver	54.6	nTPM	RNA consensus tissue	Human Protein Atlas
HPA_TISSUE_RNA:9588|liver	9588	PRDX6	ENSG00000117592	HPA_TISSUE:liver	451.4	nTPM	RNA consensus tissue	Human Protein Atlas
HPA_TISSUE_RNA:9592|liver	9592	IER2	ENSG00000160888	HPA_TISSUE:liver	115.9	nTPM	RNA consensus tissue	Human Protein Atlas
HPA_TISSUE_RNA:9636|liver	9636	ISG15	ENSG00000187608	HPA_TISSUE:liver	120.0	nTPM	RNA consensus tissue	Human Protein Atlas
HPA_TISSUE_RNA:9645|liver	9645	MICAL2	ENSG00000133816	HPA_TISSUE:liver	5.0	nTPM	RNA consensus tissue	Human Protein Atlas
HPA_TISSUE_RNA:9681|liver	9681	DEPDC5	ENSG00000100150	HPA_TISSUE:liver	6.7	nTPM	RNA consensus tissue	Human Protein Atlas
HPA_TISSUE_RNA:9757|liver	9757	KMT2B	ENSG00000272333	HPA_TISSUE:liver	7.5	nTPM	RNA consensus tissue	Human Protein Atlas
HPA_TISSUE_RNA:9768|liver	9768	PCLAF	ENSG00000166803	HPA_TISSUE:liver	3.3	nTPM	RNA consensus tissue	Human Protein Atlas
HPA_TISSUE_RNA:9787|liver	9787	DLGAP5	ENSG00000126787	HPA_TISSUE:liver	0.7	nTPM	RNA consensus tissue	Human Protein Atlas
HPA_TISSUE_RNA:9824|liver	9824	ARHGAP11A	ENSG00000198826	HPA_TISSUE:liver	1.2	nTPM	RNA consensus tissue	Human Protein Atlas
HPA_TISSUE_RNA:9829|liver	9829	DNAJC6	ENSG00000116675	HPA_TISSUE:liver	0.3	nTPM	RNA consensus tissue	Human Protein Atlas
HPA_TISSUE_RNA:9833|liver	9833	MELK	ENSG00000165304	HPA_TISSUE:liver	0.6	nTPM	RNA consensus tissue	Human Protein Atlas
HPA_TISSUE_RNA:9837|liver	9837	GINS1	ENSG00000101003	HPA_TISSUE:liver	1.2	nTPM	RNA consensus tissue	Human Protein Atlas
HPA_TISSUE_RNA:983|liver	983	CDK1	ENSG00000170312	HPA_TISSUE:liver	3.0	nTPM	RNA consensus tissue	Human Protein Atlas
HPA_TISSUE_RNA:990|liver	990	CDC6	ENSG00000094804	HPA_TISSUE:liver	3.0	nTPM	RNA consensus tissue	Human Protein Atlas
HPA_TISSUE_RNA:991|liver	991	CDC20	ENSG00000117399	HPA_TISSUE:liver	1.7	nTPM	RNA consensus tissue	Human Protein Atlas
HPA_TISSUE_RNA:9920|liver	9920	KBTBD11	ENSG00000176595	HPA_TISSUE:liver	7.3	nTPM	RNA consensus tissue	Human Protein Atlas
HPA_TISSUE_RNA:9928|liver	9928	KIF14	ENSG00000118193	HPA_TISSUE:liver	0.3	nTPM	RNA consensus tissue	Human Protein Atlas
HPA_TISSUE_RNA:995|liver	995	CDC25C	ENSG00000158402	HPA_TISSUE:liver	0.5	nTPM	RNA consensus tissue	Human Protein Atlas
HPA_TISSUE_RNA:9965|liver	9965	FGF19	ENSG00000162344	HPA_TISSUE:liver	0.7	nTPM	RNA consensus tissue	Human Protein Atlas
HPA_TISSUE_RNA:9971|liver	9971	NR1H4	ENSG00000012504	HPA_TISSUE:liver	112.7	nTPM	RNA consensus tissue	Human Protein Atlas
HPA_TISSUE_RNA:999|liver	999	CDH1	ENSG00000039068	HPA_TISSUE:liver	90.8	nTPM	RNA consensus tissue	Human Protein Atlas
