gene_id	gene_symbol	mapping_identifiers	reactome_membership_count	mapping_status
2	A2M	ENSG00000175899	4	mapped
51166	AADAT	ENSG00000109576	2	mapped
5243	ABCB1	ENSG00000085563	4	mapped
8647	ABCB11	ENSG00000073734	3	mapped
5244	ABCB4	ENSG00000005471	3	mapped
1244	ABCC2	ENSG00000023839	6	mapped
31	ACACA	ENSG00000278540	6	mapped
1636	ACE	ENSG00000159640	1	mapped
11318	ACKR5		0	missing
47	ACLY	ENSG00000131473	3	mapped
50	ACO2	ENSG00000100412	4	mapped
51	ACOX1	ENSG00000161533	6	mapped
2182	ACSL4	ENSG00000068366	2	mapped
59	ACTA2	ENSG00000107796	8	mapped
60	ACTB	ENSG00000075624	55	mapped
9510	ADAMTS1	ENSG00000154734	3	mapped
11093	ADAMTS13	ENSG00000160323	6	mapped
103	ADAR	ENSG00000160710	4	mapped
118	ADD1	ENSG00000087274	3	mapped
84873	ADGRG7		0	missing
127	ADH4	ENSG00000198099	2	mapped
9370	ADIPOQ	ENSG00000181092	4	mapped
79602	ADIPOR2	ENSG00000006831	1	mapped
148	ADRA1A	ENSG00000120907	3	mapped
151	ADRA2B	ENSG00000274286	4	mapped
155	ADRB3	ENSG00000188778	2	mapped
174	AFP	ENSG00000081051	2	mapped
183	AGT	ENSG00000135744	7	mapped
191	AHCY	ENSG00000101444	4	mapped
196	AHR	ENSG00000106546	5	mapped
10327	AKR1A1	ENSG00000117448	2	mapped
57016	AKR1B10	ENSG00000198074	1	mapped
1646	AKR1C2	ENSG00000151632	3	mapped
207	AKT1	ENSG00000142208	46	mapped
210	ALAD	ENSG00000148218	2	mapped
213	ALB	ENSG00000163631	12	mapped
216	ALDH1A1	ENSG00000165092	6	mapped
219	ALDH1B1	ENSG00000137124	2	mapped
217	ALDH2	ENSG00000111275	4	mapped
8659	ALDH4A1	ENSG00000159423	2	mapped
60529	ALX4		0	missing
83854	ANGPTL6		0	missing
203286	ANKS6		0	missing
54443	ANLN	ENSG00000011426	3	mapped
307	ANXA4		0	missing
324	APC	ENSG00000134982	16	mapped
325	APCS	ENSG00000132703	1	mapped
328	APEX1	ENSG00000100823	6	mapped
8862	APLN	ENSG00000171388	2	mapped
335	APOA1	ENSG00000118137	23	mapped
345	APOC3	ENSG00000110245	5	mapped
319	APOF	ENSG00000175336	1	mapped
350	APOH	ENSG00000091583	1	mapped
367	AR	ENSG00000169083	7	mapped
383	ARG1	ENSG00000118520	3	mapped
9824	ARHGAP11A	ENSG00000198826	1	mapped
84904	ARHGEF39	ENSG00000137135	3	mapped
8289	ARID1A	ENSG00000117713	10	mapped
57492	ARID1B	ENSG00000049618	8	mapped
196528	ARID2	ENSG00000189079	3	mapped
1820	ARID3A	ENSG00000116017	1	mapped
405	ARNT	ENSG00000143437	8	mapped
408	ARRB1	ENSG00000137486	18	mapped
409	ARRB2	ENSG00000141480	17	mapped
55723	ASF1B		0	missing
374569	ASPG	ENSG00000166183	1	mapped
259266	ASPM		0	missing
445	ASS1	ENSG00000130707	2	mapped
9474	ATG5	ENSG00000057663	4	mapped
10533	ATG7	ENSG00000197548	6	mapped
472	ATM	ENSG00000149311	28	mapped
506	ATP5F1B	ENSG00000110955	7	mapped
10476	ATP5PD	ENSG00000167863	3	mapped
540	ATP7B	ENSG00000123191	1	mapped
6790	AURKA	ENSG00000087586	8	mapped
9212	AURKB	ENSG00000178999	10	mapped
8312	AXIN1	ENSG00000103126	19	mapped
51582	AZIN1	ENSG00000155096	1	mapped
27087	B3GAT1	ENSG00000109956	1	mapped
25805	BAMBI	ENSG00000095739	1	mapped
598	BCL2L1	ENSG00000171552	7	mapped
83875	BCO2	ENSG00000197580	1	mapped
637	BID	ENSG00000015475	6	mapped
330	BIRC3	ENSG00000023445	11	mapped
332	BIRC5	ENSG00000089685	10	mapped
648	BMI1	ENSG00000168283	11	mapped
168667	BMPER		0	missing
673	BRAF	ENSG00000157764	17	mapped
682	BSG	ENSG00000172270	6	mapped
7832	BTG2	ENSG00000159388	1	mapped
699	BUB1	ENSG00000169679	6	mapped
701	BUB1B	ENSG00000156970	10	mapped
400258	C14orf180		0	missing
713	C1QB	ENSG00000173369	3	mapped
714	C1QC	ENSG00000159189	3	mapped
727	C5	ENSG00000106804	5	mapped
735	C9	ENSG00000113600	2	mapped
760	CA2	ENSG00000104267	4	mapped
51719	CAB39	ENSG00000135932	2	mapped
811	CALR	ENSG00000179218	10	mapped
10486	CAP2	ENSG00000112186	1	mapped
841	CASP8	ENSG00000064012	22	mapped
847	CAT	ENSG00000121691	6	mapped
873	CBR1	ENSG00000159228	1	mapped
8535	CBX4	ENSG00000141582	10	mapped
147372	CCBE1		0	missing
6347	CCL2	ENSG00000108691	5	mapped
6348	CCL3	ENSG00000277632	3	mapped
6352	CCL5	ENSG00000271503	3	mapped
3491	CCN1	ENSG00000142871	2	mapped
1490	CCN2	ENSG00000118523	2	mapped
8900	CCNA1	ENSG00000133101	21	mapped
891	CCNB1	ENSG00000134057	25	mapped
9133	CCNB2	ENSG00000157456	11	mapped
595	CCND1	ENSG00000110092	19	mapped
894	CCND2	ENSG00000118971	4	mapped
898	CCNE1	ENSG00000105173	14	mapped
899	CCNF	ENSG00000162063	2	mapped
900	CCNG1	ENSG00000113328	1	mapped
1230	CCR1	ENSG00000163823	3	mapped
729230	CCR2	ENSG00000121807	4	mapped
929	CD14	ENSG00000170458	21	mapped
9332	CD163	ENSG00000177575	2	mapped
29126	CD274	ENSG00000120217	8	mapped
80381	CD276		0	missing
947	CD34	ENSG00000174059	1	mapped
922	CD5L	ENSG00000073754	1	mapped
928	CD9	ENSG00000010278	3	mapped
991	CDC20	ENSG00000117399	20	mapped
995	CDC25C	ENSG00000158402	8	mapped
8318	CDC45	ENSG00000093009	4	mapped
990	CDC6	ENSG00000094804	8	mapped
157313	CDCA2		0	missing
83461	CDCA3		0	missing
113130	CDCA5	ENSG00000146670	3	mapped
55143	CDCA8	ENSG00000134690	7	mapped
999	CDH1	ENSG00000039068	25	mapped
1012	CDH13	ENSG00000140945	1	mapped
983	CDK1	ENSG00000170312	37	mapped
8621	CDK13	ENSG00000065883	2	mapped
5218	CDK14		0	missing
1019	CDK4	ENSG00000135446	20	mapped
1027	CDKN1B	ENSG00000111276	16	mapped
1029	CDKN2A	ENSG00000147889	21	mapped
1030	CDKN2B	ENSG00000147883	5	mapped
1031	CDKN2C	ENSG00000123080	4	mapped
1033	CDKN3		0	missing
81620	CDT1	ENSG00000167513	6	mapped
1050	CEBPA	ENSG00000245848	6	mapped
1051	CEBPB	ENSG00000172216	12	mapped
1052	CEBPD	ENSG00000221869	3	mapped
1951	CELSR3		0	missing
1058	CENPA	ENSG00000115163	7	mapped
1060	CENPC	ENSG00000145241	7	mapped
1062	CENPE	ENSG00000138778	9	mapped
1063	CENPF	ENSG00000117724	7	mapped
79019	CENPM	ENSG00000100162	7	mapped
79682	CENPU	ENSG00000151725	7	mapped
387103	CENPW	ENSG00000203760	1	mapped
22994	CEP131	ENSG00000141577	7	mapped
22897	CEP164	ENSG00000110274	7	mapped
55165	CEP55		0	missing
5199	CFP	ENSG00000126759	6	mapped
8208	CHAF1B		0	missing
1131	CHRM3	ENSG00000133019	3	mapped
150468	CKAP2L		0	missing
51266	CLEC1B	ENSG00000165682	2	mapped
339390	CLEC4G	ENSG00000182566	1	mapped
10332	CLEC4M	ENSG00000104938	1	mapped
81037	CLPTM1L		0	missing
57393	CLTRN	ENSG00000147003	1	mapped
84735	CNDP1		0	missing
1268	CNR1	ENSG00000118432	2	mapped
1269	CNR2	ENSG00000188822	2	mapped
85445	CNTNAP4		0	missing
22837	COBLL1		0	missing
1306	COL15A1	ENSG00000204291	4	mapped
1277	COL1A1	ENSG00000108821	30	mapped
1278	COL1A2	ENSG00000164692	31	mapped
1281	COL3A1	ENSG00000168542	17	mapped
1290	COL5A2	ENSG00000204262	14	mapped
10584	COLEC10	ENSG00000184374	2	mapped
150684	COMMD1	ENSG00000173163	1	mapped
1312	COMT	ENSG00000093010	4	mapped
10987	COPS5	ENSG00000121022	5	mapped
170712	COX7B2		0	missing
1356	CP	ENSG00000047457	6	mapped
22849	CPEB3		0	missing
1374	CPT1A	ENSG00000110090	3	mapped
1393	CRHBP	ENSG00000145708	1	mapped
1401	CRP	ENSG00000132693	1	mapped
1436	CSF1R	ENSG00000182578	3	mapped
1437	CSF2	ENSG00000164400	5	mapped
64478	CSMD1		0	missing
1464	CSPG4	ENSG00000173546	11	mapped
64651	CSRNP1		0	missing
1493	CTLA4	ENSG00000163599	3	mapped
1499	CTNNB1	ENSG00000168036	52	mapped
1509	CTSD	ENSG00000117984	6	mapped
6387	CXCL12	ENSG00000107562	5	mapped
9547	CXCL14		0	missing
3576	CXCL8	ENSG00000169429	7	mapped
1535	CYBA	ENSG00000051523	10	mapped
1540	CYLD	ENSG00000083799	6	mapped
1586	CYP17A1	ENSG00000148795	3	mapped
1543	CYP1A1	ENSG00000140465	5	mapped
1544	CYP1A2	ENSG00000140505	7	mapped
1593	CYP27A1	ENSG00000135929	5	mapped
1555	CYP2B6	ENSG00000197408	4	mapped
1557	CYP2C19	ENSG00000165841	5	mapped
1558	CYP2C8	ENSG00000138115	6	mapped
1571	CYP2E1	ENSG00000130649	5	mapped
120227	CYP2R1	ENSG00000186104	3	mapped
51302	CYP39A1	ENSG00000146233	2	mapped
1621	DBH	ENSG00000123454	1	mapped
1634	DCN	ENSG00000011465	13	mapped
55635	DEPDC1		0	missing
55789	DEPDC1B	ENSG00000035499	17	mapped
9681	DEPDC5	ENSG00000100150	1	mapped
84649	DGAT2	ENSG00000062282	4	mapped
1717	DHCR7	ENSG00000172893	3	mapped
23405	DICER1	ENSG00000100697	6	mapped
79742	DIPK2B		0	missing
9077	DIRAS3		0	missing
9787	DLGAP5	ENSG00000126787	1	mapped
9829	DNAJC6	ENSG00000116675	3	mapped
1776	DNASE1L3		0	missing
1806	DPYD	ENSG00000188641	1	mapped
1815	DRD4	ENSG00000069696	2	mapped
51514	DTL	ENSG00000143476	2	mapped
1869	E2F1	ENSG00000101412	21	mapped
79733	E2F8	ENSG00000129173	1	mapped
55840	EAF2	ENSG00000145088	3	mapped
1893	ECM1	ENSG00000143369	1	mapped
1894	ECT2	ENSG00000114346	6	mapped
9343	EFTUD2	ENSG00000108883	3	mapped
1950	EGF	ENSG00000138798	38	mapped
1956	EGFR	ENSG00000146648	38	mapped
1958	EGR1	ENSG00000120738	5	mapped
1959	EGR2	ENSG00000122877	6	mapped
30845	EHD3	ENSG00000013016	1	mapped
27102	EIF2AK1	ENSG00000086232	2	mapped
8667	EIF3H	ENSG00000147677	6	mapped
2023	ENO1	ENSG00000074800	3	mapped
2034	EPAS1	ENSG00000116016	9	mapped
2052	EPHX1	ENSG00000143819	1	mapped
2056	EPO	ENSG00000130427	8	mapped
79574	EPS8L3		0	missing
2066	ERBB4	ENSG00000178568	23	mapped
2068	ERCC2	ENSG00000104884	30	mapped
2069	EREG	ENSG00000124882	29	mapped
2081	ERN1	ENSG00000178607	2	mapped
10961	ERP29		0	missing
11082	ESM1		0	missing
2099	ESR1	ENSG00000091831	18	mapped
2108	ETFA	ENSG00000140374	1	mapped
9156	EXO1	ENSG00000174371	16	mapped
2146	EZH2	ENSG00000106462	11	mapped
2147	F2	ENSG00000180210	17	mapped
2149	F2R	ENSG00000181104	4	mapped
2152	F3	ENSG00000117525	3	mapped
2153	F5	ENSG00000198734	10	mapped
2171	FABP5	ENSG00000164687	4	mapped
389558	FAM180A		0	missing
81610	FAM83D	ENSG00000101447	1	mapped
2177	FANCD2	ENSG00000144554	2	mapped
55215	FANCI	ENSG00000140525	2	mapped
10056	FARSB	ENSG00000116120	1	mapped
355	FAS	ENSG00000026103	7	mapped
2194	FASN	ENSG00000169710	8	mapped
2200	FBN1	ENSG00000166147	9	mapped
2203	FBP1	ENSG00000165140	2	mapped
80028	FBXL18	ENSG00000155034	3	mapped
2222	FDFT1	ENSG00000079459	3	mapped
2242	FES	ENSG00000182511	4	mapped
9965	FGF19	ENSG00000162344	12	mapped
2247	FGF2	ENSG00000138685	48	mapped
26291	FGF21	ENSG00000105550	2	mapped
2248	FGF3	ENSG00000186895	21	mapped
2249	FGF4	ENSG00000075388	39	mapped
2252	FGF7	ENSG00000140285	14	mapped
2260	FGFR1	ENSG00000077782	22	mapped
2263	FGFR2	ENSG00000066468	18	mapped
2264	FGFR4	ENSG00000160867	14	mapped
2271	FH	ENSG00000091483	2	mapped
2316	FLNA	ENSG00000196924	5	mapped
2321	FLT1	ENSG00000102755	2	mapped
2322	FLT3	ENSG00000122025	30	mapped
28982	FLVCR1	ENSG00000162769	2	mapped
54914	FOCAD		0	missing
2350	FOLR2	ENSG00000165457	2	mapped
2353	FOS	ENSG00000170345	13	mapped
2354	FOSB	ENSG00000125740	4	mapped
3169	FOXA1	ENSG00000129514	2	mapped
2305	FOXM1	ENSG00000111206	3	mapped
2309	FOXO3	ENSG00000118689	19	mapped
10468	FST	ENSG00000134363	1	mapped
79068	FTO	ENSG00000140718	1	mapped
8880	FUBP1		0	missing
2538	G6PC1	ENSG00000131482	4	mapped
2563	GABRD		0	missing
2597	GAPDH	ENSG00000111640	2	mapped
57733	GBA3		0	missing
2638	GC	ENSG00000145321	1	mapped
9518	GDF15		0	missing
2658	GDF2	ENSG00000263761	1	mapped
2690	GHR	ENSG00000112964	3	mapped
9837	GINS1	ENSG00000101003	2	mapped
2705	GJB1	ENSG00000169562	5	mapped
2735	GLI1	ENSG00000111087	5	mapped
2752	GLUL	ENSG00000135821	2	mapped
51053	GMNN	ENSG00000112312	3	mapped
2775	GNAO1	ENSG00000087258	2	mapped
2781	GNAZ	ENSG00000128266	6	mapped
27232	GNMT	ENSG00000124713	3	mapped
2719	GPC3	ENSG00000147257	20	mapped
2823	GPM6A		0	missing
57512	GPR158		0	missing
2875	GPT	ENSG00000167701	2	mapped
2876	GPX1	ENSG00000233276	4	mapped
2878	GPX3	ENSG00000211445	1	mapped
2938	GSTA1	ENSG00000243955	4	mapped
2944	GSTM1	ENSG00000134184	3	mapped
2950	GSTP1	ENSG00000084207	4	mapped
2952	GSTT1		0	missing
51512	GTSE1	ENSG00000075218	2	mapped
2998	GYS2	ENSG00000111713	3	mapped
57817	HAMP		0	missing
51179	HAO2	ENSG00000116882	3	mapped
84868	HAVCR2	ENSG00000135077	1	mapped
3066	HDAC2	ENSG00000196591	28	mapped
3077	HFE	ENSG00000010704	1	mapped
3082	HGF	ENSG00000019991	18	mapped
3083	HGFAC	ENSG00000109758	1	mapped
64399	HHIP	ENSG00000164161	2	mapped
3091	HIF1A	ENSG00000100644	11	mapped
29923	HILPDA	ENSG00000135245	1	mapped
55355	HJURP	ENSG00000123485	2	mapped
3113	HLA-DPA1	ENSG00000231389	7	mapped
3117	HLA-DQA1	ENSG00000196735	7	mapped
3119	HLA-DQB1	ENSG00000179344	1	mapped
3123	HLA-DRB1	ENSG00000196126	7	mapped
3148	HMGB2	ENSG00000164104	1	mapped
3156	HMGCR	ENSG00000113161	4	mapped
3161	HMMR	ENSG00000072571	3	mapped
6927	HNF1A	ENSG00000135100	1	mapped
3182	HNRNPAB		0	missing
3191	HNRNPL	ENSG00000104824	4	mapped
3206	HOXA10		0	missing
3209	HOXA13		0	missing
3235	HOXD9		0	missing
10855	HPSE	ENSG00000173083	2	mapped
3265	HRAS	ENSG00000174775	70	mapped
3291	HSD11B2	ENSG00000176387	2	mapped
3284	HSD3B2	ENSG00000203859	3	mapped
3309	HSPA5	ENSG00000044574	12	mapped
3313	HSPA9	ENSG00000113013	8	mapped
3315	HSPB1	ENSG00000106211	8	mapped
10553	HTATIP2		0	missing
3357	HTR2B	ENSG00000135914	2	mapped
3383	ICAM1	ENSG00000090339	5	mapped
3417	IDH1	ENSG00000138413	6	mapped
169355	IDO2	ENSG00000188676	1	mapped
9592	IER2		0	missing
10437	IFI30	ENSG00000216490	2	mapped
3439	IFNA1	ENSG00000197919	7	mapped
3440	IFNA2	ENSG00000188379	7	mapped
3458	IFNG	ENSG00000111537	7	mapped
282618	IFNL1	ENSG00000182393	2	mapped
282617	IFNL3	ENSG00000197110	1	mapped
101180976	IFNL4		0	missing
3476	IGBP1		0	missing
3479	IGF1	ENSG00000017427	6	mapped
3480	IGF1R	ENSG00000140443	5	mapped
3481	IGF2	ENSG00000167244	6	mapped
10642	IGF2BP1	ENSG00000159217	2	mapped
10643	IGF2BP3	ENSG00000136231	1	mapped
3482	IGF2R	ENSG00000197081	5	mapped
3483	IGFALS	ENSG00000099769	1	mapped
3484	IGFBP1	ENSG00000146678	4	mapped
3485	IGFBP2	ENSG00000115457	1	mapped
8517	IKBKG	ENSG00000269335	33	mapped
3586	IL10	ENSG00000136634	6	mapped
3592	IL12A	ENSG00000168811	5	mapped
3606	IL18	ENSG00000150782	8	mapped
3552	IL1A	ENSG00000115008	7	mapped
3553	IL1B	ENSG00000125538	9	mapped
3556	IL1RAP	ENSG00000196083	6	mapped
3557	IL1RN	ENSG00000136689	2	mapped
3558	IL2	ENSG00000109471	4	mapped
59067	IL21	ENSG00000138684	1	mapped
3562	IL3	ENSG00000164399	4	mapped
3565	IL4	ENSG00000113520	4	mapped
3569	IL6	ENSG00000136244	12	mapped
11185	INMT	ENSG00000241644	1	mapped
8821	INPP4B	ENSG00000109452	3	mapped
3630	INS	ENSG00000254647	16	mapped
723961	INS-IGF2		0	missing
8826	IQGAP1	ENSG00000140575	19	mapped
10788	IQGAP2	ENSG00000145703	5	mapped
128239	IQGAP3	ENSG00000183856	8	mapped
3660	IRF2	ENSG00000168310	4	mapped
3667	IRS1	ENSG00000169047	20	mapped
8660	IRS2	ENSG00000185950	25	mapped
9636	ISG15	ENSG00000187608	10	mapped
3699	ITIH3	ENSG00000162267	1	mapped
3716	JAK1	ENSG00000162434	41	mapped
3717	JAK2	ENSG00000096968	53	mapped
122953	JDP2		0	missing
3725	JUN	ENSG00000177606	16	mapped
3727	JUND	ENSG00000130522	4	mapped
9920	KBTBD11		0	missing
3781	KCNN2	ENSG00000080709	2	mapped
7403	KDM6A	ENSG00000147050	6	mapped
79831	KDM8	ENSG00000155666	1	mapped
3791	KDR	ENSG00000128052	8	mapped
3832	KIF11	ENSG00000138160	3	mapped
9928	KIF14	ENSG00000118193	3	mapped
56992	KIF15	ENSG00000163808	4	mapped
81930	KIF18A	ENSG00000121621	10	mapped
146909	KIF18B	ENSG00000186185	2	mapped
23095	KIF1B	ENSG00000054523	2	mapped
10112	KIF20A	ENSG00000112984	4	mapped
9493	KIF23	ENSG00000137807	4	mapped
11004	KIF2C	ENSG00000142945	9	mapped
24137	KIF4A	ENSG00000090889	5	mapped
3833	KIFC1	ENSG00000237649	3	mapped
3813	KIR3DS1		0	missing
152831	KLB	ENSG00000134962	11	mapped
9314	KLF4	ENSG00000136826	5	mapped
688	KLF5	ENSG00000102554	3	mapped
4297	KMT2A	ENSG00000118058	11	mapped
9757	KMT2B	ENSG00000272333	6	mapped
58508	KMT2C	ENSG00000055609	7	mapped
3845	KRAS	ENSG00000133703	73	mapped
3875	KRT18	ENSG00000111057	4	mapped
3856	KRT8	ENSG00000170421	4	mapped
284217	LAMA1	ENSG00000101680	10	mapped
3918	LAMC2	ENSG00000058085	13	mapped
3931	LCAT	ENSG00000213398	1	mapped
3949	LDLR	ENSG00000130164	6	mapped
3950	LECT2		0	missing
3952	LEP	ENSG00000174697	4	mapped
3953	LEPR	ENSG00000116678	1	mapped
3954	LETM1	ENSG00000168924	3	mapped
3956	LGALS1	ENSG00000100097	2	mapped
3959	LGALS3BP	ENSG00000108679	1	mapped
3976	LIF	ENSG00000128342	3	mapped
3977	LIFR	ENSG00000113594	2	mapped
10990	LILRB5	ENSG00000105609	1	mapped
110806263	LOC110806263		0	missing
126806658	LOC126806658		0	missing
126806659	LOC126806659		0	missing
129994371	LOC129994371		0	missing
129997612	LOC129997612		0	missing
4015	LOX	ENSG00000113083	2	mapped
4016	LOXL1	ENSG00000129038	2	mapped
84695	LOXL3	ENSG00000115318	2	mapped
9227	LRAT	ENSG00000121207	3	mapped
53353	LRP1B		0	missing
55227	LRRC1	ENSG00000137269	1	mapped
55379	LRRC59		0	missing
4060	LUM	ENSG00000139329	7	mapped
10894	LYVE1	ENSG00000133800	2	mapped
8216	LZTR1		0	missing
4085	MAD2L1	ENSG00000164109	11	mapped
51438	MAGEC2		0	missing
9448	MAP4K4	ENSG00000071054	1	mapped
4137	MAPT	ENSG00000186868	3	mapped
8685	MARCO	ENSG00000019169	2	mapped
4143	MAT1A	ENSG00000151224	4	mapped
4153	MBL2	ENSG00000165471	4	mapped
8720	MBTPS1	ENSG00000140943	8	mapped
51360	MBTPS2	ENSG00000012174	6	mapped
55388	MCM10	ENSG00000065328	2	mapped
4171	MCM2	ENSG00000073111	8	mapped
4193	MDM2	ENSG00000135679	16	mapped
4199	ME1	ENSG00000065833	4	mapped
4204	MECP2	ENSG00000169057	14	mapped
5469	MED1	ENSG00000125686	18	mapped
9833	MELK		0	missing
4233	MET	ENSG00000105976	20	mapped
56339	METTL3	ENSG00000165819	1	mapped
84879	MFSD2A	ENSG00000168389	1	mapped
11343	MGLL	ENSG00000074416	5	mapped
100507436	MICA		0	missing
9645	MICAL2		0	missing
406906	MIR122		0	missing
406922	MIR133A1		0	missing
406938	MIR146A		0	missing
406945	MIR153-2		0	missing
406947	MIR155		0	missing
406968	MIR193A		0	missing
406971	MIR195		0	missing
406973	MIR196A2		0	missing
406984	MIR200B	ENSG00000207730	2	mapped
100616173	MIR203B		0	missing
406994	MIR212		0	missing
407006	MIR221		0	missing
407011	MIR23B	ENSG00000207563	2	mapped
407018	MIR27A	ENSG00000207808	1	mapped
407021	MIR29A		0	missing
442896	MIR302D		0	missing
407030	MIR30B		0	missing
407031	MIR30C1		0	missing
407032	MIR30C2		0	missing
442910	MIR345		0	missing
407040	MIR34A		0	missing
574451	MIR432		0	missing
619556	MIR455		0	missing
574506	MIR503		0	missing
693200	MIR615		0	missing
100126315	MIR665		0	missing
100313838	MIR764		0	missing
768218	MIR766		0	missing
100126309	MIR875		0	missing
4288	MKI67		0	missing
51085	MLXIPL	ENSG00000009950	6	mapped
4312	MMP1	ENSG00000196611	8	mapped
4323	MMP14	ENSG00000157227	7	mapped
4313	MMP2	ENSG00000087245	10	mapped
4318	MMP9	ENSG00000100985	12	mapped
80168	MOGAT2	ENSG00000166391	1	mapped
4353	MPO	ENSG00000005381	2	mapped
83876	MRO		0	missing
57591	MRTFA	ENSG00000196588	2	mapped
4439	MSH5	ENSG00000204410	1	mapped
4489	MT1A	ENSG00000205362	2	mapped
4493	MT1E	ENSG00000169715	1	mapped
4502	MT2A	ENSG00000125148	3	mapped
27085	MTBP	ENSG00000172167	1	mapped
92140	MTDH		0	missing
4524	MTHFR	ENSG00000177000	1	mapped
2475	MTOR	ENSG00000198793	15	mapped
4552	MTRR	ENSG00000124275	5	mapped
4547	MTTP	ENSG00000138823	3	mapped
57509	MTUS1		0	missing
4598	MVK	ENSG00000110921	2	mapped
4605	MYBL2	ENSG00000101057	3	mapped
4609	MYC	ENSG00000136997	24	mapped
4615	MYD88	ENSG00000172936	17	mapped
10	NAT2	ENSG00000156006	2	mapped
4683	NBN	ENSG00000104320	20	mapped
64151	NCAPG	ENSG00000109805	2	mapped
23397	NCAPH	ENSG00000121152	2	mapped
4540	ND5		0	missing
10403	NDC80	ENSG00000080986	6	mapped
55247	NEIL3	ENSG00000109674	9	mapped
4751	NEK2	ENSG00000117650	10	mapped
4771	NF2	ENSG00000186575	2	mapped
4780	NFE2L2	ENSG00000116044	21	mapped
4790	NFKB1	ENSG00000109320	29	mapped
4792	NFKBIA	ENSG00000100906	15	mapped
4824	NKX3-1		0	missing
197358	NLRC3	ENSG00000167984	1	mapped
114548	NLRP3	ENSG00000162711	9	mapped
4830	NME1	ENSG00000239672	3	mapped
4837	NNMT	ENSG00000166741	3	mapped
4854	NOTCH3	ENSG00000074181	11	mapped
4864	NPC1	ENSG00000141458	1	mapped
4878	NPPA	ENSG00000175206	3	mapped
1728	NQO1	ENSG00000181019	5	mapped
8431	NR0B2	ENSG00000131910	1	mapped
7376	NR1H2	ENSG00000131408	9	mapped
9971	NR1H4	ENSG00000012504	8	mapped
2494	NR5A2	ENSG00000116833	5	mapped
4893	NRAS	ENSG00000213281	70	mapped
83540	NUF2	ENSG00000143228	6	mapped
51203	NUSAP1		0	missing
170392	OIT3		0	missing
169611	OLFML2A		0	missing
25903	OLFML2B		0	missing
4998	ORC1	ENSG00000085840	8	mapped
5027	P2RX7	ENSG00000089041	6	mapped
25891	PAMR1		0	missing
11315	PARK7	ENSG00000116288	5	mapped
142	PARP1	ENSG00000143799	8	mapped
55872	PBK		0	missing
5105	PCK1	ENSG00000124253	6	mapped
9768	PCLAF	ENSG00000166803	1	mapped
5118	PCOLCE	ENSG00000106333	2	mapped
5133	PDCD1	ENSG00000188389	3	mapped
5154	PDGFA	ENSG00000197461	9	mapped
5155	PDGFB	ENSG00000100311	8	mapped
5157	PDGFRL		0	missing
2923	PDIA3	ENSG00000167004	6	mapped
5166	PDK4	ENSG00000004799	4	mapped
10400	PEMT	ENSG00000133027	1	mapped
5226	PGD	ENSG00000142657	2	mapped
5230	PGK1	ENSG00000102144	4	mapped
5245	PHB1	ENSG00000167085	5	mapped
5261	PHKG2	ENSG00000156873	1	mapped
22822	PHLDA1	ENSG00000139289	2	mapped
5290	PIK3CA	ENSG00000121879	63	mapped
54984	PINX1		0	missing
83394	PITPNM3	ENSG00000091622	1	mapped
5307	PITX1		0	missing
5315	PKM	ENSG00000067225	5	mapped
9088	PKMYT1	ENSG00000127564	3	mapped
5317	PKP1	ENSG00000081277	4	mapped
51316	PLAC8	ENSG00000145287	2	mapped
5328	PLAU	ENSG00000122861	2	mapped
5335	PLCG1	ENSG00000124181	40	mapped
5347	PLK1	ENSG00000166851	26	mapped
5352	PLOD2	ENSG00000152952	1	mapped
83483	PLVAP		0	missing
57125	PLXDC1		0	missing
5395	PMS2	ENSG00000122512	5	mapped
80339	PNPLA3	ENSG00000100344	1	mapped
87178	PNPT1	ENSG00000138035	1	mapped
5428	POLG	ENSG00000140521	1	mapped
10631	POSTN		0	missing
25913	POT1	ENSG00000128513	16	mapped
5465	PPARA	ENSG00000186951	14	mapped
5467	PPARD	ENSG00000112033	3	mapped
5468	PPARG	ENSG00000132170	11	mapped
10891	PPARGC1A	ENSG00000109819	19	mapped
5502	PPP1R1A		0	missing
139420	PPP4R3C		0	missing
9055	PRC1	ENSG00000198901	1	mapped
639	PRDM1	ENSG00000057657	3	mapped
5052	PRDX1	ENSG00000117450	5	mapped
7001	PRDX2	ENSG00000167815	3	mapped
10935	PRDX3	ENSG00000165672	1	mapped
9588	PRDX6	ENSG00000117592	2	mapped
5551	PRF1	ENSG00000180644	1	mapped
5566	PRKACA	ENSG00000072062	44	mapped
5578	PRKCA	ENSG00000154229	21	mapped
5580	PRKCD	ENSG00000163932	14	mapped
5581	PRKCE	ENSG00000171132	5	mapped
5728	PTEN	ENSG00000171862	14	mapped
5743	PTGS2	ENSG00000073756	8	mapped
5745	PTH1R	ENSG00000160801	2	mapped
5747	PTK2	ENSG00000169398	21	mapped
5783	PTPN13	ENSG00000163629	5	mapped
9232	PTTG1	ENSG00000164611	3	mapped
5820	PVT1		0	missing
29108	PYCARD	ENSG00000103490	6	mapped
5836	PYGL	ENSG00000100504	2	mapped
5858	PZP		0	missing
5879	RAC1	ENSG00000136238	54	mapped
29127	RACGAP1	ENSG00000161800	11	mapped
5885	RAD21	ENSG00000164754	7	mapped
10111	RAD50	ENSG00000113522	21	mapped
5893	RAD52	ENSG00000002016	3	mapped
8438	RAD54L		0	missing
5897	RAG2	ENSG00000175097	2	mapped
5914	RARA	ENSG00000131759	7	mapped
5925	RB1	ENSG00000139687	19	mapped
1827	RCAN1		0	missing
10231	RCAN2		0	missing
5962	RDX	ENSG00000137710	4	mapped
5965	RECQL		0	missing
5972	REN	ENSG00000143839	1	mapped
5979	RET	ENSG00000165731	5	mapped
9104	RGN		0	missing
6016	RIT1	ENSG00000143622	1	mapped
390	RND3	ENSG00000115963	1	mapped
114804	RNF157		0	missing
54894	RNF43	ENSG00000108375	2	mapped
6091	ROBO1	ENSG00000169855	13	mapped
6194	RPS6	ENSG00000137154	25	mapped
6197	RPS6KA3	ENSG00000177189	9	mapped
6240	RRM1	ENSG00000167325	1	mapped
6241	RRM2	ENSG00000171848	4	mapped
84870	RSPO3	ENSG00000146374	2	mapped
83597	RTP3		0	missing
864	RUNX3	ENSG00000020633	12	mapped
6263	RYR3	ENSG00000198838	2	mapped
25813	SAMM50	ENSG00000100347	3	mapped
22937	SCAP	ENSG00000114650	3	mapped
949	SCARB1	ENSG00000073060	2	mapped
6319	SCD	ENSG00000099194	5	mapped
5265	SERPINA1	ENSG00000197249	6	mapped
5267	SERPINA4	ENSG00000100665	2	mapped
866	SERPINA6	ENSG00000170099	2	mapped
5055	SERPINB2	ENSG00000197632	2	mapped
5054	SERPINE1	ENSG00000106366	9	mapped
5176	SERPINF1		0	missing
710	SERPING1	ENSG00000149131	5	mapped
871	SERPINH1	ENSG00000149257	5	mapped
23451	SF3B1	ENSG00000115524	6	mapped
10262	SF3B4	ENSG00000143368	5	mapped
2810	SFN	ENSG00000175793	10	mapped
6422	SFRP1	ENSG00000104332	2	mapped
6455	SH3GL1	ENSG00000141985	5	mapped
6464	SHC1	ENSG00000160691	50	mapped
6469	SHH	ENSG00000164690	13	mapped
23235	SIK2		0	missing
23411	SIRT1	ENSG00000096717	11	mapped
220134	SKA1	ENSG00000154839	6	mapped
221150	SKA3		0	missing
6502	SKP2	ENSG00000145604	10	mapped
6554	SLC10A1	ENSG00000100652	1	mapped
26266	SLC13A4	ENSG00000164707	1	mapped
10246	SLC17A2		0	missing
6580	SLC22A1	ENSG00000175003	6	mapped
387775	SLC22A10		0	missing
9376	SLC22A8	ENSG00000149452	2	mapped
283600	SLC25A47		0	missing
65010	SLC26A6	ENSG00000225697	1	mapped
6513	SLC2A1	ENSG00000117394	5	mapped
6514	SLC2A2	ENSG00000163581	5	mapped
55532	SLC30A10	ENSG00000196660	1	mapped
81539	SLC38A1	ENSG00000111371	2	mapped
6528	SLC5A5	ENSG00000105641	3	mapped
6532	SLC6A4	ENSG00000108576	2	mapped
8140	SLC7A5	ENSG00000103257	3	mapped
9353	SLIT2	ENSG00000145147	12	mapped
4088	SMAD3	ENSG00000166949	27	mapped
6597	SMARCA4	ENSG00000127616	18	mapped
9126	SMC3	ENSG00000108055	7	mapped
6608	SMO	ENSG00000128602	6	mapped
6615	SNAI1	ENSG00000124216	5	mapped
6635	SNRPE	ENSG00000182004	10	mapped
81609	SNX27		0	missing
8435	SOAT2	ENSG00000167780	1	mapped
8651	SOCS1	ENSG00000185338	13	mapped
8835	SOCS2	ENSG00000120833	4	mapped
9021	SOCS3	ENSG00000184557	16	mapped
6647	SOD1	ENSG00000142168	4	mapped
6648	SOD2	ENSG00000291237	6	mapped
11063	SOX30		0	missing
9043	SPAG9	ENSG00000008294	2	mapped
6678	SPARC	ENSG00000113140	4	mapped
57405	SPC25	ENSG00000152253	6	mapped
6695	SPOCK1		0	missing
8405	SPOP	ENSG00000121067	2	mapped
6696	SPP1	ENSG00000118785	8	mapped
83932	SPRTN	ENSG00000010072	1	mapped
6720	SREBF1	ENSG00000072310	10	mapped
6721	SREBF2	ENSG00000198911	8	mapped
8406	SRPX		0	missing
6427	SRSF2	ENSG00000161547	7	mapped
6756	SSX1		0	missing
55576	STAB2	ENSG00000136011	3	mapped
6772	STAT1	ENSG00000115415	32	mapped
6775	STAT4	ENSG00000138378	8	mapped
8614	STC2	ENSG00000113739	2	mapped
3925	STMN1	ENSG00000117632	1	mapped
10460	TACC3	ENSG00000013810	2	mapped
8407	TAGLN2	ENSG00000158710	1	mapped
6888	TALDO1	ENSG00000177156	6	mapped
83940	TATDN1		0	missing
6941	TCF19	ENSG00000137310	1	mapped
56892	TCIM		0	missing
80178	TEDC2		0	missing
7011	TEP1		0	missing
7015	TERT	ENSG00000164362	3	mapped
54790	TET2	ENSG00000168769	2	mapped
7019	TFAM	ENSG00000108064	4	mapped
7035	TFPI	ENSG00000003436	2	mapped
7980	TFPI2	ENSG00000105825	1	mapped
7038	TG		0	missing
7039	TGFA	ENSG00000163235	21	mapped
7040	TGFB1	ENSG00000105329	23	mapped
7042	TGFB2	ENSG00000092969	5	mapped
7046	TGFBR1	ENSG00000106799	12	mapped
7053	TGM3		0	missing
7054	TH	ENSG00000180176	1	mapped
7057	THBS1	ENSG00000137801	7	mapped
117145	THEM4	ENSG00000159445	6	mapped
7070	THY1	ENSG00000154096	1	mapped
90381	TICRR	ENSG00000140534	1	mapped
91937	TIMD4	ENSG00000145850	1	mapped
7083	TK1	ENSG00000167900	2	mapped
7097	TLR2	ENSG00000137462	12	mapped
7098	TLR3	ENSG00000164342	13	mapped
7099	TLR4	ENSG00000136869	18	mapped
51284	TLR7	ENSG00000196664	11	mapped
54106	TLR9	ENSG00000239732	7	mapped
53345	TM6SF2		0	missing
91147	TMEM67	ENSG00000164953	1	mapped
54968	TMEM70		0	missing
7124	TNF	ENSG00000232810	11	mapped
7133	TNFRSF1B	ENSG00000028137	5	mapped
8743	TNFSF10	ENSG00000121858	6	mapped
4796	TONSL		0	missing
7153	TOP2A	ENSG00000131747	3	mapped
7157	TP53	ENSG00000141510	47	mapped
22974	TPX2	ENSG00000088325	2	mapped
84231	TRAF7	ENSG00000131653	2	mapped
10293	TRAIP	ENSG00000183763	1	mapped
10221	TRIB1	ENSG00000173334	2	mapped
57761	TRIB3	ENSG00000101255	8	mapped
8805	TRIM24	ENSG00000122779	3	mapped
9319	TRIP13		0	missing
10024	TROAP		0	missing
54822	TRPM7	ENSG00000092439	1	mapped
7248	TSC1	ENSG00000165699	5	mapped
85480	TSLP	ENSG00000145777	2	mapped
7263	TST	ENSG00000128311	2	mapped
143941	TTC36		0	missing
7272	TTK		0	missing
55000	TUG1		0	missing
7298	TYMS	ENSG00000176890	2	mapped
10537	UBD	ENSG00000213886	1	mapped
11065	UBE2C	ENSG00000175063	19	mapped
7325	UBE2E2	ENSG00000182247	1	mapped
29089	UBE2T	ENSG00000077152	2	mapped
7345	UCHL1	ENSG00000154277	1	mapped
29128	UHRF1	ENSG00000276043	2	mapped
7372	UMPS	ENSG00000114491	1	mapped
81622	UNC93B1	ENSG00000110057	2	mapped
131669	UROC1	ENSG00000159650	1	mapped
9099	USP2	ENSG00000036672	5	mapped
7375	USP4	ENSG00000114316	4	mapped
22846	VASH1	ENSG00000071246	1	mapped
114990	VASN		0	missing
7412	VCAM1	ENSG00000162692	4	mapped
7421	VDR	ENSG00000111424	3	mapped
7422	VEGFA	ENSG00000112715	11	mapped
7423	VEGFB	ENSG00000173511	3	mapped
7431	VIM	ENSG00000026025	10	mapped
7433	VIPR1	ENSG00000114812	2	mapped
7436	VLDLR	ENSG00000147852	3	mapped
11326	VSIG4		0	missing
7448	VTN	ENSG00000109072	8	mapped
284403	WDR62		0	missing
79968	WDR76		0	missing
7472	WNT2	ENSG00000105989	3	mapped
7494	XBP1	ENSG00000100219	3	mapped
7514	XPO1	ENSG00000082898	19	mapped
57510	XPO5	ENSG00000124571	1	mapped
7515	XRCC1	ENSG00000073050	5	mapped
10413	YAP1	ENSG00000137693	13	mapped
51441	YTHDF2		0	missing
340152	ZC3H12D		0	missing
51201	ZDHHC2	ENSG00000104219	2	mapped
463	ZFHX3	ENSG00000140836	1	mapped
7538	ZFP36	ENSG00000128016	1	mapped
7546	ZIC2	ENSG00000043355	1	mapped
84107	ZIC4		0	missing
85416	ZIC5		0	missing
7571	ZNF23	ENSG00000167377	1	mapped
11130	ZWINT	ENSG00000122952	6	mapped
