record_type,record_id,source_pmid,statement,head_event,tail_event,source_type,source_id,context,evidence,char_start,char_end,evidence_support,participant_correct,direction_correct,abstraction_quality,review_status,reviewer,notes
event,event_7f72ed04d0c065fd9040,41873055,"OP-D inhibited abnormal liver function, fibrotic markers α-SMA/Col1α1, and the ferroptosis-related factor GPX4 in NASH rats.",,,,,"NASH rats, in vivo","OP-D inhibited abnormal liver function, fibrotic markers (α-SMA/Col1α1), and ferroptosis-related factor (GPX4) in NASH rats.",667,791,,,,,pending,,"[{""entity_id"": ""entity_a4f5a31ff211d2eb9c4a"", ""mention"": ""OP-D"", ""char_start"": 667, ""char_end"": 671, ""origin"": ""event_participant""}, {""entity_id"": ""entity_c8a120d13eaf60223182"", ""mention"": ""α-SMA/Col1α1"", ""char_start"": 725, ""char_end"": 737, ""origin"": ""event_participant""}, {""entity_id"": ""entity_1ae48878a9df4ea51d01"", ""mention"": ""GPX4"", ""char_start"": 772, ""char_end"": 776, ""origin"": ""event_participant""}]"
event,event_33d98e31e981fd920bee,41873055,OP-D reduced p-AKT and p-STAT3 levels in liver tissues.,,,,,"rat liver tissues, in vivo",OP-D reduced the p-AKT and p-STAT3 in liver tissues.,871,923,,,,,pending,,"[{""entity_id"": ""entity_a4f5a31ff211d2eb9c4a"", ""mention"": ""OP-D"", ""char_start"": 871, ""char_end"": 875, ""origin"": ""event_participant""}, {""entity_id"": ""entity_4becf979540576b6bfcb"", ""mention"": ""p-AKT"", ""char_start"": 888, ""char_end"": 893, ""origin"": ""event_participant""}, {""entity_id"": ""entity_ddfada9cca622cdd5947"", ""mention"": ""p-STAT3"", ""char_start"": 898, ""char_end"": 905, ""origin"": ""event_participant""}]"
event,event_42f4609183317e8e715f,41873055,"OP-D reduced the levels of AKT1, STAT3, and HIF-1α in model hepatic stellate cells.",,,,,"model hepatic stellate cells, in vitro","OP-D reduced the levels of AKT1, STAT3, and HIF-1α in model hepatic stellate cells.",924,1007,,,,,pending,,"[{""entity_id"": ""entity_a4f5a31ff211d2eb9c4a"", ""mention"": ""OP-D"", ""char_start"": 924, ""char_end"": 928, ""origin"": ""event_participant""}, {""entity_id"": ""entity_2715d118d1ab4357e898"", ""mention"": ""AKT1"", ""char_start"": 951, ""char_end"": 955, ""origin"": ""event_participant""}, {""entity_id"": ""entity_22e38de2bd20a17507a6"", ""mention"": ""STAT3"", ""char_start"": 957, ""char_end"": 962, ""origin"": ""event_participant""}, {""entity_id"": ""entity_5304ac046d841f5b0674"", ""mention"": ""HIF-1α"", ""char_start"": 968, ""char_end"": 974, ""origin"": ""event_participant""}, {""entity_id"": ""entity_a6a20fab076e372579bf"", ""mention"": ""hepatic stellate cells"", ""char_start"": 984, ""char_end"": 1006, ""origin"": ""event_participant""}]"
event,event_15e7d0fd86078daf2d21,41873055,Overexpression of AKT1 and STAT3 reversed the antifibrosis and ferroptosis-induced effects of OP-D in model hepatic stellate cells.,,,,,"model hepatic stellate cells, in vitro",AKT1 and STAT3 overexpression reversed the antifibrosis and ferroptosis-induced effects of OP-D in model hepatic stellate cells.,1008,1136,,,,,pending,,"[{""entity_id"": ""entity_2715d118d1ab4357e898"", ""mention"": ""AKT1"", ""char_start"": 1008, ""char_end"": 1012, ""origin"": ""event_participant""}, {""entity_id"": ""entity_22e38de2bd20a17507a6"", ""mention"": ""STAT3"", ""char_start"": 1017, ""char_end"": 1022, ""origin"": ""event_participant""}, {""entity_id"": ""entity_a4f5a31ff211d2eb9c4a"", ""mention"": ""OP-D"", ""char_start"": 1099, ""char_end"": 1103, ""origin"": ""event_participant""}, {""entity_id"": ""entity_a6a20fab076e372579bf"", ""mention"": ""hepatic stellate cells"", ""char_start"": 1113, ""char_end"": 1135, ""origin"": ""event_participant""}]"
event,event_9627af0043dbd596bb88,41873055,OP-D may alleviate fibrosis in NASH by regulating ferroptosis via the AKT1/STAT3/HIF-1α axis.,,,,,NASH model,OP-D may alleviate fibrosis in NASH by regulating ferroptosis via the AKT1/STAT3/HIF-1α axis.,1149,1242,,,,,pending,,"[{""entity_id"": ""entity_a4f5a31ff211d2eb9c4a"", ""mention"": ""OP-D"", ""char_start"": 1149, ""char_end"": 1153, ""origin"": ""event_participant""}, {""entity_id"": ""entity_641885791df8dcaa253e"", ""mention"": ""fibrosis"", ""char_start"": 1168, ""char_end"": 1176, ""origin"": ""event_participant""}, {""entity_id"": ""entity_fc21da1cd0ae88571c04"", ""mention"": ""NASH"", ""char_start"": 1180, ""char_end"": 1184, ""origin"": ""event_participant""}, {""entity_id"": ""entity_3f97f8f89397bf816868"", ""mention"": ""AKT1/STAT3/HIF-1α"", ""char_start"": 1219, ""char_end"": 1236, ""origin"": ""event_participant""}]"
event,event_1d30a58871f0fd9cf2a5,41546802,"Metabolic dysfunction-associated steatohepatitis drives hepatic stellate cell activation and extracellular matrix deposition, leading to liver fibrosis.",,,,,MASH pathology,"Metabolic dysfunction-associated steatohepatitis (MASH) drives hepatic stellate cell (HSC) activation and extracellular matrix deposition, leading to liver fibrosis, for which effective treatments remain lacking.",0,212,,,,,pending,,"[{""entity_id"": ""entity_dad08b2b1126eb6b47a9"", ""mention"": ""Metabolic dysfunction-associated steatohepatitis"", ""char_start"": 0, ""char_end"": 48, ""origin"": ""event_participant""}, {""entity_id"": ""entity_c601dce7ccfd8c766bc3"", ""mention"": ""MASH"", ""char_start"": 50, ""char_end"": 54, ""origin"": ""event_participant""}, {""entity_id"": ""entity_b2208ee59cec1288c5f0"", ""mention"": ""hepatic stellate cell"", ""char_start"": 63, ""char_end"": 84, ""origin"": ""event_participant""}, {""entity_id"": ""entity_6f99d6cf4742deebb52c"", ""mention"": ""HSC"", ""char_start"": 86, ""char_end"": 89, ""origin"": ""event_participant""}, {""entity_id"": ""entity_2843b0c91f4951dd9393"", ""mention"": ""extracellular matrix"", ""char_start"": 106, ""char_end"": 126, ""origin"": ""event_participant""}, {""entity_id"": ""entity_a2258efaf1d49384b211"", ""mention"": ""liver fibrosis"", ""char_start"": 150, ""char_end"": 164, ""origin"": ""event_participant""}]"
event,event_b9fe01e59e5b8f179e92,41546802,Circulating 8-HETrE levels are markedly reduced in patients with MASH fibrosis.,,,,,"patients with MASH fibrosis, clinical observations",Clinical observations revealed markedly reduced circulating 8-HETrE levels in patients with MASH fibrosis.,495,601,,,,,pending,,"[{""entity_id"": ""entity_650e6079e74782a1d835"", ""mention"": ""8-HETrE"", ""char_start"": 555, ""char_end"": 562, ""origin"": ""event_participant""}, {""entity_id"": ""entity_c601dce7ccfd8c766bc3"", ""mention"": ""MASH"", ""char_start"": 587, ""char_end"": 591, ""origin"": ""event_participant""}, {""entity_id"": ""entity_fb963ec328d2dc991696"", ""mention"": ""fibrosis"", ""char_start"": 592, ""char_end"": 600, ""origin"": ""event_participant""}]"
event,event_3296bd7440a9409e0581,41546802,"8-HETrE administration improved liver function, enhanced expression of mitochondrial fusion proteins, and attenuated fibrosis in Gubra-Amylin-NASH diet-induced MASH models.",,,,,"Gubra-Amylin-NASH (GAN)-diet-induced MASH models, in vivo","In vivo studies demonstrated that 8-HETrE administration improved liver function, enhanced expression of mitochondrial fusion proteins (Mfn1, Mfn2, Opa1), and attenuated fibrosis in Gubra-Amylin-NASH (GAN)-diet-induced MASH models.",602,833,,,,,pending,,"[{""entity_id"": ""entity_650e6079e74782a1d835"", ""mention"": ""8-HETrE"", ""char_start"": 636, ""char_end"": 643, ""origin"": ""event_participant""}, {""entity_id"": ""entity_2f6ba34d148e49a3d91e"", ""mention"": ""Mfn1"", ""char_start"": 738, ""char_end"": 742, ""origin"": ""event_participant""}, {""entity_id"": ""entity_e309d7ed7bfcc2696777"", ""mention"": ""Mfn2"", ""char_start"": 744, ""char_end"": 748, ""origin"": ""event_participant""}, {""entity_id"": ""entity_01884490a7672b8abe8b"", ""mention"": ""Opa1"", ""char_start"": 750, ""char_end"": 754, ""origin"": ""event_participant""}, {""entity_id"": ""entity_fb963ec328d2dc991696"", ""mention"": ""fibrosis"", ""char_start"": 772, ""char_end"": 780, ""origin"": ""event_participant""}, {""entity_id"": ""entity_06c3a4517d5f821baed7"", ""mention"": ""Gubra-Amylin-NASH"", ""char_start"": 784, ""char_end"": 801, ""origin"": ""event_participant""}, {""entity_id"": ""entity_e7f8f9ad008bf5984c3e"", ""mention"": ""GAN"", ""char_start"": 803, ""char_end"": 806, ""origin"": ""event_participant""}, {""entity_id"": ""entity_c601dce7ccfd8c766bc3"", ""mention"": ""MASH"", ""char_start"": 821, ""char_end"": 825, ""origin"": ""event_participant""}]"
event,event_b98b729d3fe504afeee5,41546802,8-HETrE treatment suppressed fibrotic markers and improved mitochondrial dynamics in TGF-β1-activated human LX-2 cells.,,,,,"TGF-β1-activated human LX-2 cell line, in vitro","In TGF-β1-activated human HSCs cell line (LX-2 cells), 8-HETrE treatment suppressed fibrotic markers (α-SMA, COL1A1) and improved mitochondrial dynamics.",834,987,,,,,pending,,"[{""entity_id"": ""entity_35fad551c859649f4e76"", ""mention"": ""TGF-β1"", ""char_start"": 837, ""char_end"": 843, ""origin"": ""event_participant""}, {""entity_id"": ""entity_8fbde496fbfaaaca418b"", ""mention"": ""HSCs"", ""char_start"": 860, ""char_end"": 864, ""origin"": ""event_participant""}, {""entity_id"": ""entity_c80dfba2cf076bc1eb6b"", ""mention"": ""LX-2 cells"", ""char_start"": 876, ""char_end"": 886, ""origin"": ""event_participant""}, {""entity_id"": ""entity_650e6079e74782a1d835"", ""mention"": ""8-HETrE"", ""char_start"": 889, ""char_end"": 896, ""origin"": ""event_participant""}, {""entity_id"": ""entity_4b8b485fb3b5bbce9f6d"", ""mention"": ""α-SMA"", ""char_start"": 936, ""char_end"": 941, ""origin"": ""event_participant""}, {""entity_id"": ""entity_cc2359b835061fc6ba95"", ""mention"": ""COL1A1"", ""char_start"": 943, ""char_end"": 949, ""origin"": ""event_participant""}]"
event,event_b8215630883965f2d6cc,41546802,"SPHK1 knockdown moderately reduced HSC activation, decreased S1P, lactate, and nitrite levels, enhanced glucose uptake, promoted mitochondrial fusion, and abolished 8-HETrE therapeutic effects.",,,,,"HSC mechanistic investigations, in vitro","SPHK1 knockdown moderately reduced HSC activation, decreased sphingosine-1-phosphate (S1P), lactate, and nitrite levels, enhanced glucose uptake, and promoted mitochondrial fusion, while completely abolishing 8-HETrE's therapeutic effects.",1107,1346,,,,,pending,,"[{""entity_id"": ""entity_401d7e56996f65d77cba"", ""mention"": ""SPHK1"", ""char_start"": 1107, ""char_end"": 1112, ""origin"": ""event_participant""}, {""entity_id"": ""entity_6f99d6cf4742deebb52c"", ""mention"": ""HSC"", ""char_start"": 1142, ""char_end"": 1145, ""origin"": ""event_participant""}, {""entity_id"": ""entity_07deb00d8a821e9dcea6"", ""mention"": ""sphingosine-1-phosphate"", ""char_start"": 1168, ""char_end"": 1191, ""origin"": ""event_participant""}, {""entity_id"": ""entity_db8d5b50a456b5526436"", ""mention"": ""S1P"", ""char_start"": 1193, ""char_end"": 1196, ""origin"": ""event_participant""}, {""entity_id"": ""entity_650e6079e74782a1d835"", ""mention"": ""8-HETrE"", ""char_start"": 1316, ""char_end"": 1323, ""origin"": ""event_participant""}]"
event,event_f9432ff5159f58758a40,41546802,"SPHK1 overexpression exacerbated fibrotic and metabolic abnormalities, which were reversed by 8-HETrE treatment.",,,,,"HSC mechanistic investigations, in vitro","Conversely, SPHK1 overexpression exacerbated fibrotic and metabolic abnormalities, which were effectively reversed by 8-HETrE treatment.",1347,1483,,,,,pending,,"[{""entity_id"": ""entity_401d7e56996f65d77cba"", ""mention"": ""SPHK1"", ""char_start"": 1359, ""char_end"": 1364, ""origin"": ""event_participant""}, {""entity_id"": ""entity_650e6079e74782a1d835"", ""mention"": ""8-HETrE"", ""char_start"": 1465, ""char_end"": 1472, ""origin"": ""event_participant""}]"
event,event_59bbe420e1eefb8e8e35,41546802,"HSC-specific Sphk1 knockout improved MASH fibrosis, mitochondrial function, and metabolic parameters while completely blocking the benefits of 8-HETrE.",,,,,"HSC-specific Sphk1 knockout MASH model, in vivo","Critically, HSC-specific Sphk1 knockout independently improved MASH fibrosis, mitochondrial function, and metabolic parameters, while completely blocking 8-HETrE's benefits.",1484,1657,,,,,pending,,"[{""entity_id"": ""entity_6f99d6cf4742deebb52c"", ""mention"": ""HSC"", ""char_start"": 1496, ""char_end"": 1499, ""origin"": ""event_participant""}, {""entity_id"": ""entity_64aaa57cce9e4dc457f5"", ""mention"": ""Sphk1"", ""char_start"": 1509, ""char_end"": 1514, ""origin"": ""event_participant""}, {""entity_id"": ""entity_c601dce7ccfd8c766bc3"", ""mention"": ""MASH"", ""char_start"": 1547, ""char_end"": 1551, ""origin"": ""event_participant""}, {""entity_id"": ""entity_fb963ec328d2dc991696"", ""mention"": ""fibrosis"", ""char_start"": 1552, ""char_end"": 1560, ""origin"": ""event_participant""}, {""entity_id"": ""entity_650e6079e74782a1d835"", ""mention"": ""8-HETrE"", ""char_start"": 1638, ""char_end"": 1645, ""origin"": ""event_participant""}]"
event,event_2e728504a8a2c0a88275,41641927,Oral administration of IAA significantly alleviated pathological characteristics and improved serum indicators in MASH-associated fibrosis mice.,,,,,"CDAHFD-fed and HFHFrC-fed mice models, in vivo",The oral administration of IAA significantly alleviated pathological characteristics and improved serum indicators of MASH-associated fibrosis mice.,1001,1149,,,,,pending,,"[{""entity_id"": ""entity_7455406a829a35f3f320"", ""mention"": ""IAA"", ""char_start"": 1028, ""char_end"": 1031, ""origin"": ""event_participant""}, {""entity_id"": ""entity_a604f43d4cd1309de1a6"", ""mention"": ""MASH"", ""char_start"": 1119, ""char_end"": 1123, ""origin"": ""event_participant""}]"
event,event_a805c07e6f45fcf23383,41641927,IAA upregulated adenomatous polyposis coli (APC) expression.,,,,,in vitro and in vivo MASH models,"Mechanistically, IAA upregulated adenomatous polyposis coli (APC) expression, thereby inhibiting the nucleus translocation of β-catenin.",1213,1349,,,,,pending,,"[{""entity_id"": ""entity_7455406a829a35f3f320"", ""mention"": ""IAA"", ""char_start"": 1230, ""char_end"": 1233, ""origin"": ""event_participant""}, {""entity_id"": ""entity_317a6f0f35eac937766f"", ""mention"": ""adenomatous polyposis coli"", ""char_start"": 1246, ""char_end"": 1272, ""origin"": ""event_participant""}, {""entity_id"": ""entity_82e1805c05d1c59a61a5"", ""mention"": ""APC"", ""char_start"": 1274, ""char_end"": 1277, ""origin"": ""event_participant""}]"
event,event_84b91ceb8c22ba00f75f,41641927,The nucleus translocation of β-catenin was inhibited.,,,,,in vitro and in vivo MASH models,"Mechanistically, IAA upregulated adenomatous polyposis coli (APC) expression, thereby inhibiting the nucleus translocation of β-catenin.",1213,1349,,,,,pending,,"[{""entity_id"": ""entity_7f644a16b2e082eba6d5"", ""mention"": ""β-catenin"", ""char_start"": 1339, ""char_end"": 1348, ""origin"": ""event_participant""}]"
event,event_b086f4cb83c36958d86c,41641927,Blockade of the β-catenin/Wnt pathway suppressed the activation and proliferation of hepatic stellate cells (HSCs).,,,,,in vitro and in vivo MASH models,The blockade of the β-catenin/Wnt pathway subsequently suppressed the activation of proliferation of hepatic stellate cells (HSCs).,1350,1481,,,,,pending,,"[{""entity_id"": ""entity_640b1ea8a95be0850dfd"", ""mention"": ""β-catenin/Wnt"", ""char_start"": 1370, ""char_end"": 1383, ""origin"": ""event_participant""}, {""entity_id"": ""entity_e850620fd7692674d415"", ""mention"": ""hepatic stellate cells"", ""char_start"": 1451, ""char_end"": 1473, ""origin"": ""event_participant""}, {""entity_id"": ""entity_18801bdcd87f09606404"", ""mention"": ""HSCs"", ""char_start"": 1475, ""char_end"": 1479, ""origin"": ""event_participant""}]"
event,event_200457e77fdd96f3357b,41641927,IAA mitigates MASH-associated liver fibrosis.,,,,,in vitro and in vivo MASH models,"Consequently, IAA mitigates MASH-associated liver fibrosis by inhibiting HSCs activation and proliferation.",1623,1730,,,,,pending,,"[{""entity_id"": ""entity_7455406a829a35f3f320"", ""mention"": ""IAA"", ""char_start"": 1637, ""char_end"": 1640, ""origin"": ""event_participant""}, {""entity_id"": ""entity_a604f43d4cd1309de1a6"", ""mention"": ""MASH"", ""char_start"": 1651, ""char_end"": 1655, ""origin"": ""event_participant""}]"
event,event_c6bc6ce2b28eae6f359b,41641927,IAA inhibits HSCs activation and proliferation.,,,,,in vitro and in vivo MASH models,"Consequently, IAA mitigates MASH-associated liver fibrosis by inhibiting HSCs activation and proliferation.",1623,1730,,,,,pending,,"[{""entity_id"": ""entity_7455406a829a35f3f320"", ""mention"": ""IAA"", ""char_start"": 1637, ""char_end"": 1640, ""origin"": ""event_participant""}, {""entity_id"": ""entity_18801bdcd87f09606404"", ""mention"": ""HSCs"", ""char_start"": 1696, ""char_end"": 1700, ""origin"": ""event_participant""}]"
event_relation,relation_8ca6c6b2814fb84a48a4,41641927,AS_A_RESULT,IAA upregulated adenomatous polyposis coli (APC) expression.,The nucleus translocation of β-catenin was inhibited.,,,,"Mechanistically, IAA upregulated adenomatous polyposis coli (APC) expression, thereby inhibiting the nucleus translocation of β-catenin.",1213,1349,,,,,pending,,
event_relation,relation_2521ef9035c967d17c3d,41641927,AS_A_RESULT,IAA inhibits HSCs activation and proliferation.,IAA mitigates MASH-associated liver fibrosis.,,,,"Consequently, IAA mitigates MASH-associated liver fibrosis by inhibiting HSCs activation and proliferation.",1623,1730,,,,,pending,,
concept,concept_97698ea0051aad1584f1,41873055,Hepatoprotective Activity,,,Event,event_7f72ed04d0c065fd9040,"OP-D inhibited abnormal liver function, fibrotic markers (α-SMA/Col1α1), and ferroptosis-related factor (GPX4) in NASH rats.",,,,,,,,pending,,
concept,concept_a26b15111cd2f3ff9db6,41873055,Anti-Fibrotic Response,,,Event,event_7f72ed04d0c065fd9040,"OP-D inhibited abnormal liver function, fibrotic markers (α-SMA/Col1α1), and ferroptosis-related factor (GPX4) in NASH rats.",,,,,,,,pending,,
concept,concept_78dccfa3a36a40272ed9,41873055,Ferroptosis Modulation,,,Event,event_7f72ed04d0c065fd9040,"OP-D inhibited abnormal liver function, fibrotic markers (α-SMA/Col1α1), and ferroptosis-related factor (GPX4) in NASH rats.",,,,,,,,pending,,
concept,concept_9e93f62f88a0b64763cf,41873055,In Vivo Drug Efficacy,,,Event,event_7f72ed04d0c065fd9040,"OP-D inhibited abnormal liver function, fibrotic markers (α-SMA/Col1α1), and ferroptosis-related factor (GPX4) in NASH rats.",,,,,,,,pending,,
concept,concept_9ea6cf791aa8c60bcf23,41873055,Bioactive Natural Compound,,,Entity,entity_a4f5a31ff211d2eb9c4a,"OP-D inhibited abnormal liver function, fibrotic markers (α-SMA/Col1α1), and ferroptosis-related factor (GPX4) in NASH rats.",,,,,,,,pending,,
concept,concept_4a4f157edd4b443ca694,41873055,Therapeutic Candidate,,,Entity,entity_a4f5a31ff211d2eb9c4a,"OP-D inhibited abnormal liver function, fibrotic markers (α-SMA/Col1α1), and ferroptosis-related factor (GPX4) in NASH rats.",,,,,,,,pending,,
concept,concept_77a965dcafbd6dc41bea,41873055,Small Molecule Drug,,,Entity,entity_a4f5a31ff211d2eb9c4a,"OP-D inhibited abnormal liver function, fibrotic markers (α-SMA/Col1α1), and ferroptosis-related factor (GPX4) in NASH rats.",,,,,,,,pending,,
concept,concept_7eb66ace3e575e605e34,41873055,Fibrogenesis Biomarkers,,,Entity,entity_c8a120d13eaf60223182,"OP-D inhibited abnormal liver function, fibrotic markers (α-SMA/Col1α1), and ferroptosis-related factor (GPX4) in NASH rats.",,,,,,,,pending,,
concept,concept_3bf98bc2e07a4a96f976,41873055,Extracellular Matrix Proteins,,,Entity,entity_c8a120d13eaf60223182,"OP-D inhibited abnormal liver function, fibrotic markers (α-SMA/Col1α1), and ferroptosis-related factor (GPX4) in NASH rats.",,,,,,,,pending,,
concept,concept_7f8cefc6c682b27633da,41873055,Myofibroblast Activation Markers,,,Entity,entity_c8a120d13eaf60223182,"OP-D inhibited abnormal liver function, fibrotic markers (α-SMA/Col1α1), and ferroptosis-related factor (GPX4) in NASH rats.",,,,,,,,pending,,
concept,concept_36a6569080d8bdb67220,41873055,Antioxidant Enzyme,,,Entity,entity_1ae48878a9df4ea51d01,"OP-D inhibited abnormal liver function, fibrotic markers (α-SMA/Col1α1), and ferroptosis-related factor (GPX4) in NASH rats.",,,,,,,,pending,,
concept,concept_cd9201085bf1fb442633,41873055,Ferroptosis Suppressor,,,Entity,entity_1ae48878a9df4ea51d01,"OP-D inhibited abnormal liver function, fibrotic markers (α-SMA/Col1α1), and ferroptosis-related factor (GPX4) in NASH rats.",,,,,,,,pending,,
concept,concept_a332b334393381409879,41873055,Glutathione Peroxidase,,,Entity,entity_1ae48878a9df4ea51d01,"OP-D inhibited abnormal liver function, fibrotic markers (α-SMA/Col1α1), and ferroptosis-related factor (GPX4) in NASH rats.",,,,,,,,pending,,
concept,concept_7f0bda0499a42da423f1,41873055,Kinase Phosphorylation Suppression,,,Event,event_33d98e31e981fd920bee,OP-D reduced the p-AKT and p-STAT3 in liver tissues.,,,,,,,,pending,,
concept,concept_0d1b7330a12d51f1f564,41873055,Signaling Pathway Downregulation,,,Event,event_33d98e31e981fd920bee,OP-D reduced the p-AKT and p-STAT3 in liver tissues.,,,,,,,,pending,,
concept,concept_d843f5023e4335481371,41873055,Hepatic Tissue Response,,,Event,event_33d98e31e981fd920bee,OP-D reduced the p-AKT and p-STAT3 in liver tissues.,,,,,,,,pending,,
concept,concept_2c43c86d890eb3208cee,41873055,Phosphorylated Protein Kinase,,,Entity,entity_4becf979540576b6bfcb,OP-D reduced the p-AKT and p-STAT3 in liver tissues.,,,,,,,,pending,,
concept,concept_f85deeb43418fe0a6fa9,41873055,Activated Signaling Intermediary,,,Entity,entity_4becf979540576b6bfcb,OP-D reduced the p-AKT and p-STAT3 in liver tissues.,,,,,,,,pending,,
concept,concept_27e70a8c0e5122bcd067,41873055,Survival Pathway Marker,,,Entity,entity_4becf979540576b6bfcb,OP-D reduced the p-AKT and p-STAT3 in liver tissues.,,,,,,,,pending,,
concept,concept_64b96b09e7b0e33cbc80,41873055,Phosphorylated Transcription Factor,,,Entity,entity_ddfada9cca622cdd5947,OP-D reduced the p-AKT and p-STAT3 in liver tissues.,,,,,,,,pending,,
concept,concept_a91ae3bf4fce890c012d,41873055,Pro-inflammatory Signaling Molecule,,,Entity,entity_ddfada9cca622cdd5947,OP-D reduced the p-AKT and p-STAT3 in liver tissues.,,,,,,,,pending,,
concept,concept_590d6d541ecc753af1cb,41873055,Activated Signal Transducer,,,Entity,entity_ddfada9cca622cdd5947,OP-D reduced the p-AKT and p-STAT3 in liver tissues.,,,,,,,,pending,,
concept,concept_a9ba077055b0b786dedf,41873055,In Vitro Target Downregulation,,,Event,event_42f4609183317e8e715f,"OP-D reduced the levels of AKT1, STAT3, and HIF-1α in model hepatic stellate cells.",,,,,,,,pending,,
concept,concept_87359fda820b647e9cd8,41873055,Hypoxia-Signaling Suppression,,,Event,event_42f4609183317e8e715f,"OP-D reduced the levels of AKT1, STAT3, and HIF-1α in model hepatic stellate cells.",,,,,,,,pending,,
concept,concept_0189783ca4bc55555d59,41873055,Stellate Cell Signal Modulation,,,Event,event_42f4609183317e8e715f,"OP-D reduced the levels of AKT1, STAT3, and HIF-1α in model hepatic stellate cells.",,,,,,,,pending,,
concept,concept_20ec5d8f65a547c45447,41873055,Serine/Threonine Kinase,,,Entity,entity_2715d118d1ab4357e898,"OP-D reduced the levels of AKT1, STAT3, and HIF-1α in model hepatic stellate cells.",,,,,,,,pending,,
concept,concept_73b301800e2cf27309b2,41873055,Proto-Oncogene Protein,,,Entity,entity_2715d118d1ab4357e898,"OP-D reduced the levels of AKT1, STAT3, and HIF-1α in model hepatic stellate cells.",,,,,,,,pending,,
concept,concept_644a070afcda6c99c3d0,41873055,Cell Survival Mediator,,,Entity,entity_2715d118d1ab4357e898,"OP-D reduced the levels of AKT1, STAT3, and HIF-1α in model hepatic stellate cells.",,,,,,,,pending,,
concept,concept_0fc26526e9db6b42e791,41873055,Signal Transducer and Activator of Transcription,,,Entity,entity_22e38de2bd20a17507a6,"OP-D reduced the levels of AKT1, STAT3, and HIF-1α in model hepatic stellate cells.",,,,,,,,pending,,
concept,concept_d077ad2da3260fea3e7e,41873055,Transcriptional Regulator,,,Entity,entity_22e38de2bd20a17507a6,"OP-D reduced the levels of AKT1, STAT3, and HIF-1α in model hepatic stellate cells.",,,,,,,,pending,,
concept,concept_1c3e2dbd380231b3e521,41873055,Cytokine Signaling Factor,,,Entity,entity_22e38de2bd20a17507a6,"OP-D reduced the levels of AKT1, STAT3, and HIF-1α in model hepatic stellate cells.",,,,,,,,pending,,
concept,concept_501f057998824d3c7fe2,41873055,Hypoxia-Inducible Factor,,,Entity,entity_5304ac046d841f5b0674,"OP-D reduced the levels of AKT1, STAT3, and HIF-1α in model hepatic stellate cells.",,,,,,,,pending,,
concept,concept_cf5b248a1f0ef7d1e66c,41873055,Oxygen Sensor Subunit,,,Entity,entity_5304ac046d841f5b0674,"OP-D reduced the levels of AKT1, STAT3, and HIF-1α in model hepatic stellate cells.",,,,,,,,pending,,
concept,concept_2b3c909eeda81a8775ee,41873055,Angiogenic and Metabolic Regulator,,,Entity,entity_5304ac046d841f5b0674,"OP-D reduced the levels of AKT1, STAT3, and HIF-1α in model hepatic stellate cells.",,,,,,,,pending,,
concept,concept_a5a28b66eccf4a2ba246,41873055,Liver Mesenchymal Cells,,,Entity,entity_a6a20fab076e372579bf,"OP-D reduced the levels of AKT1, STAT3, and HIF-1α in model hepatic stellate cells.",,,,,,,,pending,,
concept,concept_33b13a4a2d17f589d1a8,41873055,Fibrogenic Effector Cells,,,Entity,entity_a6a20fab076e372579bf,"OP-D reduced the levels of AKT1, STAT3, and HIF-1α in model hepatic stellate cells.",,,,,,,,pending,,
concept,concept_045c6522d8b3465f1da3,41873055,Perisinusoidal Stellate Cells,,,Entity,entity_a6a20fab076e372579bf,"OP-D reduced the levels of AKT1, STAT3, and HIF-1α in model hepatic stellate cells.",,,,,,,,pending,,
concept,concept_2b3c53d2aedd60204ff6,41873055,Rescue Experiment,,,Event,event_15e7d0fd86078daf2d21,AKT1 and STAT3 overexpression reversed the antifibrosis and ferroptosis-induced effects of OP-D in model hepatic stellate cells.,,,,,,,,pending,,
concept,concept_ed87ab4a93cd0c6440ec,41873055,Mechanism of Action Validation,,,Event,event_15e7d0fd86078daf2d21,AKT1 and STAT3 overexpression reversed the antifibrosis and ferroptosis-induced effects of OP-D in model hepatic stellate cells.,,,,,,,,pending,,
concept,concept_31db7d5ef5ecf3ed2123,41873055,Signaling Axis Reversal,,,Event,event_15e7d0fd86078daf2d21,AKT1 and STAT3 overexpression reversed the antifibrosis and ferroptosis-induced effects of OP-D in model hepatic stellate cells.,,,,,,,,pending,,
concept,concept_c74dfbb936336ca3da11,41873055,Functional Dependency,,,Event,event_15e7d0fd86078daf2d21,AKT1 and STAT3 overexpression reversed the antifibrosis and ferroptosis-induced effects of OP-D in model hepatic stellate cells.,,,,,,,,pending,,
concept,concept_49d26b7427079e04c5a7,41873055,Proposed Therapeutic Mechanism,,,Event,event_9627af0043dbd596bb88,OP-D may alleviate fibrosis in NASH by regulating ferroptosis via the AKT1/STAT3/HIF-1α axis.,,,,,,,,pending,,
concept,concept_f837bb52f200e5cc1383,41873055,Ferroptosis-Dependent Antifibrotic Effect,,,Event,event_9627af0043dbd596bb88,OP-D may alleviate fibrosis in NASH by regulating ferroptosis via the AKT1/STAT3/HIF-1α axis.,,,,,,,,pending,,
concept,concept_93ec95b4af4a1a29756a,41873055,Pathway-Directed Hypothesis,,,Event,event_9627af0043dbd596bb88,OP-D may alleviate fibrosis in NASH by regulating ferroptosis via the AKT1/STAT3/HIF-1α axis.,,,,,,,,pending,,
concept,concept_3a8dd8584da4e0196c1c,41873055,Pathological Tissue Remodeling,,,Entity,entity_641885791df8dcaa253e,OP-D may alleviate fibrosis in NASH by regulating ferroptosis via the AKT1/STAT3/HIF-1α axis.,,,,,,,,pending,,
concept,concept_2c5e9e1eff4adb6e9758,41873055,Extracellular Matrix Accumulation,,,Entity,entity_641885791df8dcaa253e,OP-D may alleviate fibrosis in NASH by regulating ferroptosis via the AKT1/STAT3/HIF-1α axis.,,,,,,,,pending,,
concept,concept_9abaef80a901ffaf225b,41873055,Chronic Liver Pathology,,,Entity,entity_641885791df8dcaa253e,OP-D may alleviate fibrosis in NASH by regulating ferroptosis via the AKT1/STAT3/HIF-1α axis.,,,,,,,,pending,,
concept,concept_a263f72458950c2f68ce,41873055,Metabolic Liver Disorder,,,Entity,entity_fc21da1cd0ae88571c04,OP-D may alleviate fibrosis in NASH by regulating ferroptosis via the AKT1/STAT3/HIF-1α axis.,,,,,,,,pending,,
concept,concept_5b3b9a83778b6f50f700,41873055,Steatohepatitis,,,Entity,entity_fc21da1cd0ae88571c04,OP-D may alleviate fibrosis in NASH by regulating ferroptosis via the AKT1/STAT3/HIF-1α axis.,,,,,,,,pending,,
concept,concept_5d10200367fd5ba73570,41873055,Chronic Hepatic Disease,,,Entity,entity_fc21da1cd0ae88571c04,OP-D may alleviate fibrosis in NASH by regulating ferroptosis via the AKT1/STAT3/HIF-1α axis.,,,,,,,,pending,,
concept,concept_992467ee32197ee565ee,41873055,Intracellular Signaling Cascade,,,Entity,entity_3f97f8f89397bf816868,OP-D may alleviate fibrosis in NASH by regulating ferroptosis via the AKT1/STAT3/HIF-1α axis.,,,,,,,,pending,,
concept,concept_0f9366fe3d4340161216,41873055,Multi-Protein Signaling Axis,,,Entity,entity_3f97f8f89397bf816868,OP-D may alleviate fibrosis in NASH by regulating ferroptosis via the AKT1/STAT3/HIF-1α axis.,,,,,,,,pending,,
concept,concept_4cca9b4f75a2edbf45c5,41873055,Transcriptional Regulatory Network,,,Entity,entity_3f97f8f89397bf816868,OP-D may alleviate fibrosis in NASH by regulating ferroptosis via the AKT1/STAT3/HIF-1α axis.,,,,,,,,pending,,
concept,concept_582063c84f45f9a630fc,41546802,Fibrogenesis pathway,,,Event,event_1d30a58871f0fd9cf2a5,"Metabolic dysfunction-associated steatohepatitis (MASH) drives hepatic stellate cell (HSC) activation and extracellular matrix deposition, leading to liver fibrosis, for which effective treatments remain lacking.",,,,,,,,pending,,
concept,concept_aeae4663b372dce1fc7d,41546802,Hepatic disease progression,,,Event,event_1d30a58871f0fd9cf2a5,"Metabolic dysfunction-associated steatohepatitis (MASH) drives hepatic stellate cell (HSC) activation and extracellular matrix deposition, leading to liver fibrosis, for which effective treatments remain lacking.",,,,,,,,pending,,
concept,concept_86eb3a90b13309394aff,41546802,Stellate cell activation,,,Event,event_1d30a58871f0fd9cf2a5,"Metabolic dysfunction-associated steatohepatitis (MASH) drives hepatic stellate cell (HSC) activation and extracellular matrix deposition, leading to liver fibrosis, for which effective treatments remain lacking.",,,,,,,,pending,,
concept,concept_ebf1ca4e8b0a9bbf51f4,41546802,Extracellular matrix remodeling,,,Event,event_1d30a58871f0fd9cf2a5,"Metabolic dysfunction-associated steatohepatitis (MASH) drives hepatic stellate cell (HSC) activation and extracellular matrix deposition, leading to liver fibrosis, for which effective treatments remain lacking.",,,,,,,,pending,,
concept,concept_b8ab201bf903d45b53ba,41546802,Metabolic liver disease,,,Entity,entity_dad08b2b1126eb6b47a9,"Metabolic dysfunction-associated steatohepatitis (MASH) drives hepatic stellate cell (HSC) activation and extracellular matrix deposition, leading to liver fibrosis, for which effective treatments remain lacking.",,,,,,,,pending,,
concept,concept_b53afc6a7a7ee30edb99,41546802,Chronic steatohepatitis,,,Entity,entity_dad08b2b1126eb6b47a9,"Metabolic dysfunction-associated steatohepatitis (MASH) drives hepatic stellate cell (HSC) activation and extracellular matrix deposition, leading to liver fibrosis, for which effective treatments remain lacking.",,,,,,,,pending,,
concept,concept_4b262828f0762f96a2a4,41546802,Inflammatory liver disorder,,,Entity,entity_dad08b2b1126eb6b47a9,"Metabolic dysfunction-associated steatohepatitis (MASH) drives hepatic stellate cell (HSC) activation and extracellular matrix deposition, leading to liver fibrosis, for which effective treatments remain lacking.",,,,,,,,pending,,
concept,concept_9cfcc52e92100fcf2ece,41546802,Metabolic liver disease,,,Entity,entity_c601dce7ccfd8c766bc3,"Metabolic dysfunction-associated steatohepatitis (MASH) drives hepatic stellate cell (HSC) activation and extracellular matrix deposition, leading to liver fibrosis, for which effective treatments remain lacking.",,,,,,,,pending,,
concept,concept_0a431dce7f6c22de0c80,41546802,Fatty liver pathology,,,Entity,entity_c601dce7ccfd8c766bc3,"Metabolic dysfunction-associated steatohepatitis (MASH) drives hepatic stellate cell (HSC) activation and extracellular matrix deposition, leading to liver fibrosis, for which effective treatments remain lacking.",,,,,,,,pending,,
concept,concept_be6497df0a20c3e5685a,41546802,Steatohepatitis,,,Entity,entity_c601dce7ccfd8c766bc3,"Metabolic dysfunction-associated steatohepatitis (MASH) drives hepatic stellate cell (HSC) activation and extracellular matrix deposition, leading to liver fibrosis, for which effective treatments remain lacking.",,,,,,,,pending,,
concept,concept_4e26fec19dd1bd253bfc,41546802,Liver pericyte,,,Entity,entity_b2208ee59cec1288c5f0,"Metabolic dysfunction-associated steatohepatitis (MASH) drives hepatic stellate cell (HSC) activation and extracellular matrix deposition, leading to liver fibrosis, for which effective treatments remain lacking.",,,,,,,,pending,,
concept,concept_4b4ca9cff04cdaa2f1b1,41546802,Fibrogenic effector cell,,,Entity,entity_b2208ee59cec1288c5f0,"Metabolic dysfunction-associated steatohepatitis (MASH) drives hepatic stellate cell (HSC) activation and extracellular matrix deposition, leading to liver fibrosis, for which effective treatments remain lacking.",,,,,,,,pending,,
concept,concept_98b06493919154190b15,41546802,Hepatic stromal cell,,,Entity,entity_b2208ee59cec1288c5f0,"Metabolic dysfunction-associated steatohepatitis (MASH) drives hepatic stellate cell (HSC) activation and extracellular matrix deposition, leading to liver fibrosis, for which effective treatments remain lacking.",,,,,,,,pending,,
concept,concept_e9ef9ca73d252cd67841,41546802,Hepatic stromal cell,,,Entity,entity_6f99d6cf4742deebb52c,"Metabolic dysfunction-associated steatohepatitis (MASH) drives hepatic stellate cell (HSC) activation and extracellular matrix deposition, leading to liver fibrosis, for which effective treatments remain lacking.",,,,,,,,pending,,
concept,concept_cbcd3631f74fceabaa2e,41546802,Liver cell type,,,Entity,entity_6f99d6cf4742deebb52c,"Metabolic dysfunction-associated steatohepatitis (MASH) drives hepatic stellate cell (HSC) activation and extracellular matrix deposition, leading to liver fibrosis, for which effective treatments remain lacking.",,,,,,,,pending,,
concept,concept_b3199605a84e377050f9,41546802,Myofibroblast precursor,,,Entity,entity_6f99d6cf4742deebb52c,"Metabolic dysfunction-associated steatohepatitis (MASH) drives hepatic stellate cell (HSC) activation and extracellular matrix deposition, leading to liver fibrosis, for which effective treatments remain lacking.",,,,,,,,pending,,
concept,concept_f0cc88acbbf6cdc6163f,41546802,Extracellular architecture,,,Entity,entity_2843b0c91f4951dd9393,"Metabolic dysfunction-associated steatohepatitis (MASH) drives hepatic stellate cell (HSC) activation and extracellular matrix deposition, leading to liver fibrosis, for which effective treatments remain lacking.",,,,,,,,pending,,
concept,concept_4b4a070d134b60dbbb02,41546802,Tissue scaffold,,,Entity,entity_2843b0c91f4951dd9393,"Metabolic dysfunction-associated steatohepatitis (MASH) drives hepatic stellate cell (HSC) activation and extracellular matrix deposition, leading to liver fibrosis, for which effective treatments remain lacking.",,,,,,,,pending,,
concept,concept_8cf85e1271b522f74f7c,41546802,Fibrotic matrix,,,Entity,entity_2843b0c91f4951dd9393,"Metabolic dysfunction-associated steatohepatitis (MASH) drives hepatic stellate cell (HSC) activation and extracellular matrix deposition, leading to liver fibrosis, for which effective treatments remain lacking.",,,,,,,,pending,,
concept,concept_145f71ffd22a0954762d,41546802,Hepatic fibrogenesis,,,Entity,entity_a2258efaf1d49384b211,"Metabolic dysfunction-associated steatohepatitis (MASH) drives hepatic stellate cell (HSC) activation and extracellular matrix deposition, leading to liver fibrosis, for which effective treatments remain lacking.",,,,,,,,pending,,
concept,concept_82fda76aa4c5c559430a,41546802,Pathological tissue scarring,,,Entity,entity_a2258efaf1d49384b211,"Metabolic dysfunction-associated steatohepatitis (MASH) drives hepatic stellate cell (HSC) activation and extracellular matrix deposition, leading to liver fibrosis, for which effective treatments remain lacking.",,,,,,,,pending,,
concept,concept_6e30fab5c1ef5d5e9d16,41546802,Chronic liver damage,,,Entity,entity_a2258efaf1d49384b211,"Metabolic dysfunction-associated steatohepatitis (MASH) drives hepatic stellate cell (HSC) activation and extracellular matrix deposition, leading to liver fibrosis, for which effective treatments remain lacking.",,,,,,,,pending,,
concept,concept_ba199735e34c8c5e1de4,41546802,Clinical biomarker alteration,,,Event,event_b9fe01e59e5b8f179e92,Clinical observations revealed markedly reduced circulating 8-HETrE levels in patients with MASH fibrosis.,,,,,,,,pending,,
concept,concept_99dd061e8b474a77ffce,41546802,Oxylipin dysregulation,,,Event,event_b9fe01e59e5b8f179e92,Clinical observations revealed markedly reduced circulating 8-HETrE levels in patients with MASH fibrosis.,,,,,,,,pending,,
concept,concept_70efd73cb21307623652,41546802,Lipid metabolite depletion,,,Event,event_b9fe01e59e5b8f179e92,Clinical observations revealed markedly reduced circulating 8-HETrE levels in patients with MASH fibrosis.,,,,,,,,pending,,
concept,concept_aa153b0b18e472c1dd9e,41546802,Hydroxyeicosatrienoic acid,,,Entity,entity_650e6079e74782a1d835,Clinical observations revealed markedly reduced circulating 8-HETrE levels in patients with MASH fibrosis.,,,,,,,,pending,,
concept,concept_3ec3d3ed507964fd0c8c,41546802,Bioactive oxylipin,,,Entity,entity_650e6079e74782a1d835,Clinical observations revealed markedly reduced circulating 8-HETrE levels in patients with MASH fibrosis.,,,,,,,,pending,,
concept,concept_a252dbcf661874849584,41546802,Polyunsaturated fatty acid derivative,,,Entity,entity_650e6079e74782a1d835,Clinical observations revealed markedly reduced circulating 8-HETrE levels in patients with MASH fibrosis.,,,,,,,,pending,,
concept,concept_5ca8699c7e54ed92958b,41546802,Pathological tissue scarring,,,Entity,entity_fb963ec328d2dc991696,Clinical observations revealed markedly reduced circulating 8-HETrE levels in patients with MASH fibrosis.,,,,,,,,pending,,
concept,concept_38b70fd12d9d1940a1d5,41546802,Connective tissue remodeling,,,Entity,entity_fb963ec328d2dc991696,Clinical observations revealed markedly reduced circulating 8-HETrE levels in patients with MASH fibrosis.,,,,,,,,pending,,
concept,concept_786c8e4a92c0f4e46f32,41546802,Fibrotic pathology,,,Entity,entity_fb963ec328d2dc991696,Clinical observations revealed markedly reduced circulating 8-HETrE levels in patients with MASH fibrosis.,,,,,,,,pending,,
concept,concept_453da1c32736b7b54879,41546802,Therapeutic lipid intervention,,,Event,event_3296bd7440a9409e0581,"In vivo studies demonstrated that 8-HETrE administration improved liver function, enhanced expression of mitochondrial fusion proteins (Mfn1, Mfn2, Opa1), and attenuated fibrosis in Gubra-Amylin-NASH (GAN)-diet-induced MASH models.",,,,,,,,pending,,
concept,concept_b74ae1fd2d3042367f4c,41546802,Antifibrotic efficacy,,,Event,event_3296bd7440a9409e0581,"In vivo studies demonstrated that 8-HETrE administration improved liver function, enhanced expression of mitochondrial fusion proteins (Mfn1, Mfn2, Opa1), and attenuated fibrosis in Gubra-Amylin-NASH (GAN)-diet-induced MASH models.",,,,,,,,pending,,
concept,concept_5b19efd61cd279bdc0d1,41546802,Mitochondrial dynamics enhancement,,,Event,event_3296bd7440a9409e0581,"In vivo studies demonstrated that 8-HETrE administration improved liver function, enhanced expression of mitochondrial fusion proteins (Mfn1, Mfn2, Opa1), and attenuated fibrosis in Gubra-Amylin-NASH (GAN)-diet-induced MASH models.",,,,,,,,pending,,
concept,concept_67e643560b2e89fb99d2,41546802,In vivo phenotypic rescue,,,Event,event_3296bd7440a9409e0581,"In vivo studies demonstrated that 8-HETrE administration improved liver function, enhanced expression of mitochondrial fusion proteins (Mfn1, Mfn2, Opa1), and attenuated fibrosis in Gubra-Amylin-NASH (GAN)-diet-induced MASH models.",,,,,,,,pending,,
concept,concept_d57a4cae7b3d7f4774d2,41546802,Mitochondrial dynamin GTPase,,,Entity,entity_2f6ba34d148e49a3d91e,"In vivo studies demonstrated that 8-HETrE administration improved liver function, enhanced expression of mitochondrial fusion proteins (Mfn1, Mfn2, Opa1), and attenuated fibrosis in Gubra-Amylin-NASH (GAN)-diet-induced MASH models.",,,,,,,,pending,,
concept,concept_70e105a7c7620fb4e247,41546802,Outer mitochondrial membrane protein,,,Entity,entity_2f6ba34d148e49a3d91e,"In vivo studies demonstrated that 8-HETrE administration improved liver function, enhanced expression of mitochondrial fusion proteins (Mfn1, Mfn2, Opa1), and attenuated fibrosis in Gubra-Amylin-NASH (GAN)-diet-induced MASH models.",,,,,,,,pending,,
concept,concept_5f9ad82bc6d08c981dc6,41546802,Mitochondrial fusion mediator,,,Entity,entity_2f6ba34d148e49a3d91e,"In vivo studies demonstrated that 8-HETrE administration improved liver function, enhanced expression of mitochondrial fusion proteins (Mfn1, Mfn2, Opa1), and attenuated fibrosis in Gubra-Amylin-NASH (GAN)-diet-induced MASH models.",,,,,,,,pending,,
concept,concept_72e9f7bfed292ea4cd8a,41546802,Mitofusin family member,,,Entity,entity_e309d7ed7bfcc2696777,"In vivo studies demonstrated that 8-HETrE administration improved liver function, enhanced expression of mitochondrial fusion proteins (Mfn1, Mfn2, Opa1), and attenuated fibrosis in Gubra-Amylin-NASH (GAN)-diet-induced MASH models.",,,,,,,,pending,,
concept,concept_fa083c1fd1e4f9dc23e1,41546802,Mitochondrial dynamics protein,,,Entity,entity_e309d7ed7bfcc2696777,"In vivo studies demonstrated that 8-HETrE administration improved liver function, enhanced expression of mitochondrial fusion proteins (Mfn1, Mfn2, Opa1), and attenuated fibrosis in Gubra-Amylin-NASH (GAN)-diet-induced MASH models.",,,,,,,,pending,,
concept,concept_f5d8fd372206822f0b4b,41546802,Outer membrane GTPase,,,Entity,entity_e309d7ed7bfcc2696777,"In vivo studies demonstrated that 8-HETrE administration improved liver function, enhanced expression of mitochondrial fusion proteins (Mfn1, Mfn2, Opa1), and attenuated fibrosis in Gubra-Amylin-NASH (GAN)-diet-induced MASH models.",,,,,,,,pending,,
concept,concept_5697ea0661e8aafc1b2e,41546802,Inner mitochondrial membrane protein,,,Entity,entity_01884490a7672b8abe8b,"In vivo studies demonstrated that 8-HETrE administration improved liver function, enhanced expression of mitochondrial fusion proteins (Mfn1, Mfn2, Opa1), and attenuated fibrosis in Gubra-Amylin-NASH (GAN)-diet-induced MASH models.",,,,,,,,pending,,
concept,concept_4da74a32c966079252af,41546802,Mitochondrial fusion dynamin,,,Entity,entity_01884490a7672b8abe8b,"In vivo studies demonstrated that 8-HETrE administration improved liver function, enhanced expression of mitochondrial fusion proteins (Mfn1, Mfn2, Opa1), and attenuated fibrosis in Gubra-Amylin-NASH (GAN)-diet-induced MASH models.",,,,,,,,pending,,
concept,concept_463031d676ba54f5a94b,41546802,Cristae remodeling factor,,,Entity,entity_01884490a7672b8abe8b,"In vivo studies demonstrated that 8-HETrE administration improved liver function, enhanced expression of mitochondrial fusion proteins (Mfn1, Mfn2, Opa1), and attenuated fibrosis in Gubra-Amylin-NASH (GAN)-diet-induced MASH models.",,,,,,,,pending,,
concept,concept_bca6935eb643a652ccdf,41546802,Diet-induced disease model,,,Entity,entity_06c3a4517d5f821baed7,"In vivo studies demonstrated that 8-HETrE administration improved liver function, enhanced expression of mitochondrial fusion proteins (Mfn1, Mfn2, Opa1), and attenuated fibrosis in Gubra-Amylin-NASH (GAN)-diet-induced MASH models.",,,,,,,,pending,,
concept,concept_27178e14959ac01f7fe4,41546802,High-fat high-fructose regimen,,,Entity,entity_06c3a4517d5f821baed7,"In vivo studies demonstrated that 8-HETrE administration improved liver function, enhanced expression of mitochondrial fusion proteins (Mfn1, Mfn2, Opa1), and attenuated fibrosis in Gubra-Amylin-NASH (GAN)-diet-induced MASH models.",,,,,,,,pending,,
concept,concept_8a3560eac60359ec5171,41546802,NASH experimental diet,,,Entity,entity_06c3a4517d5f821baed7,"In vivo studies demonstrated that 8-HETrE administration improved liver function, enhanced expression of mitochondrial fusion proteins (Mfn1, Mfn2, Opa1), and attenuated fibrosis in Gubra-Amylin-NASH (GAN)-diet-induced MASH models.",,,,,,,,pending,,
concept,concept_c5b10c698e91507af868,41546802,Experimental diet model,,,Entity,entity_e7f8f9ad008bf5984c3e,"In vivo studies demonstrated that 8-HETrE administration improved liver function, enhanced expression of mitochondrial fusion proteins (Mfn1, Mfn2, Opa1), and attenuated fibrosis in Gubra-Amylin-NASH (GAN)-diet-induced MASH models.",,,,,,,,pending,,
concept,concept_0202725d54cc2c69f11e,41546802,Dietary steatohepatitis induction,,,Entity,entity_e7f8f9ad008bf5984c3e,"In vivo studies demonstrated that 8-HETrE administration improved liver function, enhanced expression of mitochondrial fusion proteins (Mfn1, Mfn2, Opa1), and attenuated fibrosis in Gubra-Amylin-NASH (GAN)-diet-induced MASH models.",,,,,,,,pending,,
concept,concept_954ef115f774851f52af,41546802,Animal disease diet,,,Entity,entity_e7f8f9ad008bf5984c3e,"In vivo studies demonstrated that 8-HETrE administration improved liver function, enhanced expression of mitochondrial fusion proteins (Mfn1, Mfn2, Opa1), and attenuated fibrosis in Gubra-Amylin-NASH (GAN)-diet-induced MASH models.",,,,,,,,pending,,
concept,concept_6e2ac17c740f6ebdad09,41546802,In vitro antifibrotic effect,,,Event,event_b98b729d3fe504afeee5,"In TGF-β1-activated human HSCs cell line (LX-2 cells), 8-HETrE treatment suppressed fibrotic markers (α-SMA, COL1A1) and improved mitochondrial dynamics.",,,,,,,,pending,,
concept,concept_5e312ad5d018afc6987e,41546802,Stellate cell inactivation,,,Event,event_b98b729d3fe504afeee5,"In TGF-β1-activated human HSCs cell line (LX-2 cells), 8-HETrE treatment suppressed fibrotic markers (α-SMA, COL1A1) and improved mitochondrial dynamics.",,,,,,,,pending,,
concept,concept_b624747fc0aebae415f6,41546802,Mitochondrial homeostasis restoration,,,Event,event_b98b729d3fe504afeee5,"In TGF-β1-activated human HSCs cell line (LX-2 cells), 8-HETrE treatment suppressed fibrotic markers (α-SMA, COL1A1) and improved mitochondrial dynamics.",,,,,,,,pending,,
concept,concept_4a233e86da34722e83d5,41546802,Profibrotic cytokine,,,Entity,entity_35fad551c859649f4e76,"In TGF-β1-activated human HSCs cell line (LX-2 cells), 8-HETrE treatment suppressed fibrotic markers (α-SMA, COL1A1) and improved mitochondrial dynamics.",,,,,,,,pending,,
concept,concept_fcba5a78a685c44cf420,41546802,Transforming growth factor ligand,,,Entity,entity_35fad551c859649f4e76,"In TGF-β1-activated human HSCs cell line (LX-2 cells), 8-HETrE treatment suppressed fibrotic markers (α-SMA, COL1A1) and improved mitochondrial dynamics.",,,,,,,,pending,,
concept,concept_3f8c64db33d6918f4c89,41546802,Stellate cell activator,,,Entity,entity_35fad551c859649f4e76,"In TGF-β1-activated human HSCs cell line (LX-2 cells), 8-HETrE treatment suppressed fibrotic markers (α-SMA, COL1A1) and improved mitochondrial dynamics.",,,,,,,,pending,,
concept,concept_871d1c8b83764cded09b,41546802,Hepatic stellate cells,,,Entity,entity_8fbde496fbfaaaca418b,"In TGF-β1-activated human HSCs cell line (LX-2 cells), 8-HETrE treatment suppressed fibrotic markers (α-SMA, COL1A1) and improved mitochondrial dynamics.",,,,,,,,pending,,
concept,concept_90b46ed5ba559b402c43,41546802,Fibrogenic mesenchymal cells,,,Entity,entity_8fbde496fbfaaaca418b,"In TGF-β1-activated human HSCs cell line (LX-2 cells), 8-HETrE treatment suppressed fibrotic markers (α-SMA, COL1A1) and improved mitochondrial dynamics.",,,,,,,,pending,,
concept,concept_c7486574af6169ab96df,41546802,Liver pericytes,,,Entity,entity_8fbde496fbfaaaca418b,"In TGF-β1-activated human HSCs cell line (LX-2 cells), 8-HETrE treatment suppressed fibrotic markers (α-SMA, COL1A1) and improved mitochondrial dynamics.",,,,,,,,pending,,
concept,concept_343c3e87f39670278a5f,41546802,Immortalized stellate cell line,,,Entity,entity_c80dfba2cf076bc1eb6b,"In TGF-β1-activated human HSCs cell line (LX-2 cells), 8-HETrE treatment suppressed fibrotic markers (α-SMA, COL1A1) and improved mitochondrial dynamics.",,,,,,,,pending,,
concept,concept_67cf84d4695a02c1d7b0,41546802,Human hepatic cell model,,,Entity,entity_c80dfba2cf076bc1eb6b,"In TGF-β1-activated human HSCs cell line (LX-2 cells), 8-HETrE treatment suppressed fibrotic markers (α-SMA, COL1A1) and improved mitochondrial dynamics.",,,,,,,,pending,,
concept,concept_3b40bfc6ce42ab71fd65,41546802,In vitro fibrosis model,,,Entity,entity_c80dfba2cf076bc1eb6b,"In TGF-β1-activated human HSCs cell line (LX-2 cells), 8-HETrE treatment suppressed fibrotic markers (α-SMA, COL1A1) and improved mitochondrial dynamics.",,,,,,,,pending,,
concept,concept_4eca67964bac24281b00,41546802,Myofibroblast differentiation marker,,,Entity,entity_4b8b485fb3b5bbce9f6d,"In TGF-β1-activated human HSCs cell line (LX-2 cells), 8-HETrE treatment suppressed fibrotic markers (α-SMA, COL1A1) and improved mitochondrial dynamics.",,,,,,,,pending,,
concept,concept_9904df5e2afa15b54ad0,41546802,Cytoskeletal actin isoform,,,Entity,entity_4b8b485fb3b5bbce9f6d,"In TGF-β1-activated human HSCs cell line (LX-2 cells), 8-HETrE treatment suppressed fibrotic markers (α-SMA, COL1A1) and improved mitochondrial dynamics.",,,,,,,,pending,,
concept,concept_ac0bc647492fa627f35f,41546802,Fibrosis indicator protein,,,Entity,entity_4b8b485fb3b5bbce9f6d,"In TGF-β1-activated human HSCs cell line (LX-2 cells), 8-HETrE treatment suppressed fibrotic markers (α-SMA, COL1A1) and improved mitochondrial dynamics.",,,,,,,,pending,,
concept,concept_1c9198bc2deb2814e6af,41546802,Fibrillar collagen alpha chain,,,Entity,entity_cc2359b835061fc6ba95,"In TGF-β1-activated human HSCs cell line (LX-2 cells), 8-HETrE treatment suppressed fibrotic markers (α-SMA, COL1A1) and improved mitochondrial dynamics.",,,,,,,,pending,,
concept,concept_a1c5c1bcb0b6ca5ba110,41546802,Extracellular matrix component,,,Entity,entity_cc2359b835061fc6ba95,"In TGF-β1-activated human HSCs cell line (LX-2 cells), 8-HETrE treatment suppressed fibrotic markers (α-SMA, COL1A1) and improved mitochondrial dynamics.",,,,,,,,pending,,
concept,concept_00859978083018178beb,41546802,Fibrogenic marker protein,,,Entity,entity_cc2359b835061fc6ba95,"In TGF-β1-activated human HSCs cell line (LX-2 cells), 8-HETrE treatment suppressed fibrotic markers (α-SMA, COL1A1) and improved mitochondrial dynamics.",,,,,,,,pending,,
concept,concept_e9e0fdd4a03c134a453c,41546802,Gene knockdown phenotype,,,Event,event_b8215630883965f2d6cc,"SPHK1 knockdown moderately reduced HSC activation, decreased sphingosine-1-phosphate (S1P), lactate, and nitrite levels, enhanced glucose uptake, and promoted mitochondrial fusion, while completely abolishing 8-HETrE's therapeutic effects.",,,,,,,,pending,,
concept,concept_611a4c1253da8ce7d766,41546802,Sphingolipid pathway inhibition,,,Event,event_b8215630883965f2d6cc,"SPHK1 knockdown moderately reduced HSC activation, decreased sphingosine-1-phosphate (S1P), lactate, and nitrite levels, enhanced glucose uptake, and promoted mitochondrial fusion, while completely abolishing 8-HETrE's therapeutic effects.",,,,,,,,pending,,
concept,concept_dde05cbde6300e08cca4,41546802,Cellular metabolic reprogramming,,,Event,event_b8215630883965f2d6cc,"SPHK1 knockdown moderately reduced HSC activation, decreased sphingosine-1-phosphate (S1P), lactate, and nitrite levels, enhanced glucose uptake, and promoted mitochondrial fusion, while completely abolishing 8-HETrE's therapeutic effects.",,,,,,,,pending,,
concept,concept_3fcc8be8f3a0284f5928,41546802,Therapeutic pathway dependency,,,Event,event_b8215630883965f2d6cc,"SPHK1 knockdown moderately reduced HSC activation, decreased sphingosine-1-phosphate (S1P), lactate, and nitrite levels, enhanced glucose uptake, and promoted mitochondrial fusion, while completely abolishing 8-HETrE's therapeutic effects.",,,,,,,,pending,,
concept,concept_07db41368fc537be8b4a,41546802,Sphingosine kinase isoform,,,Entity,entity_401d7e56996f65d77cba,"SPHK1 knockdown moderately reduced HSC activation, decreased sphingosine-1-phosphate (S1P), lactate, and nitrite levels, enhanced glucose uptake, and promoted mitochondrial fusion, while completely abolishing 8-HETrE's therapeutic effects.",,,,,,,,pending,,
concept,concept_2d572daead90789ee854,41546802,Lipid signaling kinase,,,Entity,entity_401d7e56996f65d77cba,"SPHK1 knockdown moderately reduced HSC activation, decreased sphingosine-1-phosphate (S1P), lactate, and nitrite levels, enhanced glucose uptake, and promoted mitochondrial fusion, while completely abolishing 8-HETrE's therapeutic effects.",,,,,,,,pending,,
concept,concept_0a2c29e19fc5c4ae76e4,41546802,Sphingolipid metabolic enzyme,,,Entity,entity_401d7e56996f65d77cba,"SPHK1 knockdown moderately reduced HSC activation, decreased sphingosine-1-phosphate (S1P), lactate, and nitrite levels, enhanced glucose uptake, and promoted mitochondrial fusion, while completely abolishing 8-HETrE's therapeutic effects.",,,,,,,,pending,,
concept,concept_c6d387fed4b2a155f8c4,41546802,Bioactive sphingolipid metabolite,,,Entity,entity_07deb00d8a821e9dcea6,"SPHK1 knockdown moderately reduced HSC activation, decreased sphingosine-1-phosphate (S1P), lactate, and nitrite levels, enhanced glucose uptake, and promoted mitochondrial fusion, while completely abolishing 8-HETrE's therapeutic effects.",,,,,,,,pending,,
concept,concept_951eb353cf2ccef863b4,41546802,Signaling lysophospholipid,,,Entity,entity_07deb00d8a821e9dcea6,"SPHK1 knockdown moderately reduced HSC activation, decreased sphingosine-1-phosphate (S1P), lactate, and nitrite levels, enhanced glucose uptake, and promoted mitochondrial fusion, while completely abolishing 8-HETrE's therapeutic effects.",,,,,,,,pending,,
concept,concept_300cc29433c563584081,41546802,GPCR bioactive ligand,,,Entity,entity_07deb00d8a821e9dcea6,"SPHK1 knockdown moderately reduced HSC activation, decreased sphingosine-1-phosphate (S1P), lactate, and nitrite levels, enhanced glucose uptake, and promoted mitochondrial fusion, while completely abolishing 8-HETrE's therapeutic effects.",,,,,,,,pending,,
concept,concept_14844b7c24b6fb6d3c3a,41546802,Bioactive lipid mediator,,,Entity,entity_db8d5b50a456b5526436,"SPHK1 knockdown moderately reduced HSC activation, decreased sphingosine-1-phosphate (S1P), lactate, and nitrite levels, enhanced glucose uptake, and promoted mitochondrial fusion, while completely abolishing 8-HETrE's therapeutic effects.",,,,,,,,pending,,
concept,concept_f9fbab0f782ea3c83b21,41546802,Sphingolipid signaling molecule,,,Entity,entity_db8d5b50a456b5526436,"SPHK1 knockdown moderately reduced HSC activation, decreased sphingosine-1-phosphate (S1P), lactate, and nitrite levels, enhanced glucose uptake, and promoted mitochondrial fusion, while completely abolishing 8-HETrE's therapeutic effects.",,,,,,,,pending,,
concept,concept_bc827ae64a2c33251496,41546802,Phosphorylated sphingoid base,,,Entity,entity_db8d5b50a456b5526436,"SPHK1 knockdown moderately reduced HSC activation, decreased sphingosine-1-phosphate (S1P), lactate, and nitrite levels, enhanced glucose uptake, and promoted mitochondrial fusion, while completely abolishing 8-HETrE's therapeutic effects.",,,,,,,,pending,,
concept,concept_488ab038b552b3b100a7,41546802,Gain-of-function pathology,,,Event,event_f9432ff5159f58758a40,"Conversely, SPHK1 overexpression exacerbated fibrotic and metabolic abnormalities, which were effectively reversed by 8-HETrE treatment.",,,,,,,,pending,,
concept,concept_5af2e0ae41c1be58e2c8,41546802,Fibrogenesis exacerbation,,,Event,event_f9432ff5159f58758a40,"Conversely, SPHK1 overexpression exacerbated fibrotic and metabolic abnormalities, which were effectively reversed by 8-HETrE treatment.",,,,,,,,pending,,
concept,concept_d7a006c3fa57b09bb837,41546802,Pharmacological rescue,,,Event,event_f9432ff5159f58758a40,"Conversely, SPHK1 overexpression exacerbated fibrotic and metabolic abnormalities, which were effectively reversed by 8-HETrE treatment.",,,,,,,,pending,,
concept,concept_eb6476d1a3aac2e51285,41546802,Cell-type-specific gene knockout,,,Event,event_59bbe420e1eefb8e8e35,"Critically, HSC-specific Sphk1 knockout independently improved MASH fibrosis, mitochondrial function, and metabolic parameters, while completely blocking 8-HETrE's benefits.",,,,,,,,pending,,
concept,concept_f5141a2f6b4a65c442ed,41546802,Target validation phenotype,,,Event,event_59bbe420e1eefb8e8e35,"Critically, HSC-specific Sphk1 knockout independently improved MASH fibrosis, mitochondrial function, and metabolic parameters, while completely blocking 8-HETrE's benefits.",,,,,,,,pending,,
concept,concept_def0a52dd81655e95419,41546802,Genetic phenocopying,,,Event,event_59bbe420e1eefb8e8e35,"Critically, HSC-specific Sphk1 knockout independently improved MASH fibrosis, mitochondrial function, and metabolic parameters, while completely blocking 8-HETrE's benefits.",,,,,,,,pending,,
concept,concept_5ca847071296ff6a986f,41546802,Signaling pathway requirement,,,Event,event_59bbe420e1eefb8e8e35,"Critically, HSC-specific Sphk1 knockout independently improved MASH fibrosis, mitochondrial function, and metabolic parameters, while completely blocking 8-HETrE's benefits.",,,,,,,,pending,,
concept,concept_8a426d50f689c6f36ebe,41546802,Sphingosine kinase gene,,,Entity,entity_64aaa57cce9e4dc457f5,"Critically, HSC-specific Sphk1 knockout independently improved MASH fibrosis, mitochondrial function, and metabolic parameters, while completely blocking 8-HETrE's benefits.",,,,,,,,pending,,
concept,concept_3c09fe8f7c6d725c7496,41546802,Lipid modifying enzyme,,,Entity,entity_64aaa57cce9e4dc457f5,"Critically, HSC-specific Sphk1 knockout independently improved MASH fibrosis, mitochondrial function, and metabolic parameters, while completely blocking 8-HETrE's benefits.",,,,,,,,pending,,
concept,concept_1f6cb9d84b7efca4d880,41546802,Fibrogenic regulator,,,Entity,entity_64aaa57cce9e4dc457f5,"Critically, HSC-specific Sphk1 knockout independently improved MASH fibrosis, mitochondrial function, and metabolic parameters, while completely blocking 8-HETrE's benefits.",,,,,,,,pending,,
concept,concept_e923f860feccec26d4d2,41641927,preclinical therapeutic efficacy,,,Event,event_2e728504a8a2c0a88275,The oral administration of IAA significantly alleviated pathological characteristics and improved serum indicators of MASH-associated fibrosis mice.,,,,,,,,pending,,
concept,concept_4d5c3e5a1f42b626a9c1,41641927,fibrosis attenuation,,,Event,event_2e728504a8a2c0a88275,The oral administration of IAA significantly alleviated pathological characteristics and improved serum indicators of MASH-associated fibrosis mice.,,,,,,,,pending,,
concept,concept_fd4ec38c08a40fa7679e,41641927,in vivo disease reversal,,,Event,event_2e728504a8a2c0a88275,The oral administration of IAA significantly alleviated pathological characteristics and improved serum indicators of MASH-associated fibrosis mice.,,,,,,,,pending,,
concept,concept_0185a1a9c17ea67914a5,41641927,hepatoprotective intervention,,,Event,event_2e728504a8a2c0a88275,The oral administration of IAA significantly alleviated pathological characteristics and improved serum indicators of MASH-associated fibrosis mice.,,,,,,,,pending,,
concept,concept_46944afde849a507080e,41641927,gut microbial metabolite,,,Entity,entity_7455406a829a35f3f320,The oral administration of IAA significantly alleviated pathological characteristics and improved serum indicators of MASH-associated fibrosis mice.,,,,,,,,pending,,
concept,concept_9bfdd4e262e35e489d92,41641927,indole derivative,,,Entity,entity_7455406a829a35f3f320,The oral administration of IAA significantly alleviated pathological characteristics and improved serum indicators of MASH-associated fibrosis mice.,,,,,,,,pending,,
concept,concept_cc2c9a6c09aec8a70794,41641927,small molecule therapeutic candidate,,,Entity,entity_7455406a829a35f3f320,The oral administration of IAA significantly alleviated pathological characteristics and improved serum indicators of MASH-associated fibrosis mice.,,,,,,,,pending,,
concept,concept_5dfecc63c366a8990dc3,41641927,metabolic liver disease,,,Entity,entity_a604f43d4cd1309de1a6,The oral administration of IAA significantly alleviated pathological characteristics and improved serum indicators of MASH-associated fibrosis mice.,,,,,,,,pending,,
concept,concept_3133fc73f8d6d9016cfb,41641927,chronic steatohepatitis,,,Entity,entity_a604f43d4cd1309de1a6,The oral administration of IAA significantly alleviated pathological characteristics and improved serum indicators of MASH-associated fibrosis mice.,,,,,,,,pending,,
concept,concept_f4e805cc8d29174e8939,41641927,fibrogenic hepatic disorder,,,Entity,entity_a604f43d4cd1309de1a6,The oral administration of IAA significantly alleviated pathological characteristics and improved serum indicators of MASH-associated fibrosis mice.,,,,,,,,pending,,
concept,concept_8ab5ccc6f87a6fc1074b,41641927,gene expression upregulation,,,Event,event_a805c07e6f45fcf23383,"Mechanistically, IAA upregulated adenomatous polyposis coli (APC) expression, thereby inhibiting the nucleus translocation of β-catenin.",,,,,,,,pending,,
concept,concept_6c336a58cb9a22bce35f,41641927,tumor suppressor induction,,,Event,event_a805c07e6f45fcf23383,"Mechanistically, IAA upregulated adenomatous polyposis coli (APC) expression, thereby inhibiting the nucleus translocation of β-catenin.",,,,,,,,pending,,
concept,concept_3b1c6a23faa0f33553f1,41641927,molecular target activation,,,Event,event_a805c07e6f45fcf23383,"Mechanistically, IAA upregulated adenomatous polyposis coli (APC) expression, thereby inhibiting the nucleus translocation of β-catenin.",,,,,,,,pending,,
concept,concept_b0a0f12a9935391b3e61,41641927,tumor suppressor protein,,,Entity,entity_317a6f0f35eac937766f,"Mechanistically, IAA upregulated adenomatous polyposis coli (APC) expression, thereby inhibiting the nucleus translocation of β-catenin.",,,,,,,,pending,,
concept,concept_2ec3c8f2ccfa0b016361,41641927,destruction complex component,,,Entity,entity_317a6f0f35eac937766f,"Mechanistically, IAA upregulated adenomatous polyposis coli (APC) expression, thereby inhibiting the nucleus translocation of β-catenin.",,,,,,,,pending,,
concept,concept_8f9ec5e0781573e79749,41641927,Wnt signaling regulator,,,Entity,entity_317a6f0f35eac937766f,"Mechanistically, IAA upregulated adenomatous polyposis coli (APC) expression, thereby inhibiting the nucleus translocation of β-catenin.",,,,,,,,pending,,
concept,concept_b76cabddc374f0b05529,41641927,tumor suppressor protein,,,Entity,entity_82e1805c05d1c59a61a5,"Mechanistically, IAA upregulated adenomatous polyposis coli (APC) expression, thereby inhibiting the nucleus translocation of β-catenin.",,,,,,,,pending,,
concept,concept_85804689495f574f4c41,41641927,beta-catenin degradation scaffold,,,Entity,entity_82e1805c05d1c59a61a5,"Mechanistically, IAA upregulated adenomatous polyposis coli (APC) expression, thereby inhibiting the nucleus translocation of β-catenin.",,,,,,,,pending,,
concept,concept_b40e3debccf2b4c5af2c,41641927,pathway inhibitor,,,Entity,entity_82e1805c05d1c59a61a5,"Mechanistically, IAA upregulated adenomatous polyposis coli (APC) expression, thereby inhibiting the nucleus translocation of β-catenin.",,,,,,,,pending,,
concept,concept_778a8d1da01f71a44655,41641927,nuclear translocation blockade,,,Event,event_84b91ceb8c22ba00f75f,"Mechanistically, IAA upregulated adenomatous polyposis coli (APC) expression, thereby inhibiting the nucleus translocation of β-catenin.",,,,,,,,pending,,
concept,concept_676f6ebf95e70794383a,41641927,subcellular trafficking inhibition,,,Event,event_84b91ceb8c22ba00f75f,"Mechanistically, IAA upregulated adenomatous polyposis coli (APC) expression, thereby inhibiting the nucleus translocation of β-catenin.",,,,,,,,pending,,
concept,concept_905010b495b33ba4139f,41641927,transcription factor repression,,,Event,event_84b91ceb8c22ba00f75f,"Mechanistically, IAA upregulated adenomatous polyposis coli (APC) expression, thereby inhibiting the nucleus translocation of β-catenin.",,,,,,,,pending,,
concept,concept_db9ddde29445418479df,41641927,transcriptional coactivator,,,Entity,entity_7f644a16b2e082eba6d5,"Mechanistically, IAA upregulated adenomatous polyposis coli (APC) expression, thereby inhibiting the nucleus translocation of β-catenin.",,,,,,,,pending,,
concept,concept_3b8429690ca64a657a72,41641927,signal transducer,,,Entity,entity_7f644a16b2e082eba6d5,"Mechanistically, IAA upregulated adenomatous polyposis coli (APC) expression, thereby inhibiting the nucleus translocation of β-catenin.",,,,,,,,pending,,
concept,concept_688b5f09a083c4624796,41641927,profibrotic effector protein,,,Entity,entity_7f644a16b2e082eba6d5,"Mechanistically, IAA upregulated adenomatous polyposis coli (APC) expression, thereby inhibiting the nucleus translocation of β-catenin.",,,,,,,,pending,,
concept,concept_1fa2d7b3d05669584842,41641927,pathway-mediated cell inactivation,,,Event,event_b086f4cb83c36958d86c,The blockade of the β-catenin/Wnt pathway subsequently suppressed the activation of proliferation of hepatic stellate cells (HSCs).,,,,,,,,pending,,
concept,concept_9089ecbb259dc313a6b3,41641927,anti-proliferative response,,,Event,event_b086f4cb83c36958d86c,The blockade of the β-catenin/Wnt pathway subsequently suppressed the activation of proliferation of hepatic stellate cells (HSCs).,,,,,,,,pending,,
concept,concept_ad71958d8c6ad31497fc,41641927,fibrogenesis suppression,,,Event,event_b086f4cb83c36958d86c,The blockade of the β-catenin/Wnt pathway subsequently suppressed the activation of proliferation of hepatic stellate cells (HSCs).,,,,,,,,pending,,
concept,concept_6bff344959069d26943f,41641927,canonical developmental signaling pathway,,,Entity,entity_640b1ea8a95be0850dfd,The blockade of the β-catenin/Wnt pathway subsequently suppressed the activation of proliferation of hepatic stellate cells (HSCs).,,,,,,,,pending,,
concept,concept_f318b20b26e8a7d0ff8d,41641927,cell proliferation pathway,,,Entity,entity_640b1ea8a95be0850dfd,The blockade of the β-catenin/Wnt pathway subsequently suppressed the activation of proliferation of hepatic stellate cells (HSCs).,,,,,,,,pending,,
concept,concept_f83c01e42ee18f3f591d,41641927,profibrotic signaling axis,,,Entity,entity_640b1ea8a95be0850dfd,The blockade of the β-catenin/Wnt pathway subsequently suppressed the activation of proliferation of hepatic stellate cells (HSCs).,,,,,,,,pending,,
concept,concept_cefd9eb418357bfa1f49,41641927,liver resident pericytes,,,Entity,entity_e850620fd7692674d415,The blockade of the β-catenin/Wnt pathway subsequently suppressed the activation of proliferation of hepatic stellate cells (HSCs).,,,,,,,,pending,,
concept,concept_d31f677604543a2d7c31,41641927,myofibroblast precursor cells,,,Entity,entity_e850620fd7692674d415,The blockade of the β-catenin/Wnt pathway subsequently suppressed the activation of proliferation of hepatic stellate cells (HSCs).,,,,,,,,pending,,
concept,concept_9954c91f4d22b0ed19af,41641927,fibrogenic effector cells,,,Entity,entity_e850620fd7692674d415,The blockade of the β-catenin/Wnt pathway subsequently suppressed the activation of proliferation of hepatic stellate cells (HSCs).,,,,,,,,pending,,
concept,concept_ee838f93434cd7b6e6bd,41641927,hepatic mesenchymal cell population,,,Entity,entity_18801bdcd87f09606404,The blockade of the β-catenin/Wnt pathway subsequently suppressed the activation of proliferation of hepatic stellate cells (HSCs).,,,,,,,,pending,,
concept,concept_225a46d64229287dfe7d,41641927,matrix-producing cells,,,Entity,entity_18801bdcd87f09606404,The blockade of the β-catenin/Wnt pathway subsequently suppressed the activation of proliferation of hepatic stellate cells (HSCs).,,,,,,,,pending,,
concept,concept_a52117fd42212925a2ad,41641927,cellular targets,,,Entity,entity_18801bdcd87f09606404,The blockade of the β-catenin/Wnt pathway subsequently suppressed the activation of proliferation of hepatic stellate cells (HSCs).,,,,,,,,pending,,
concept,concept_4b571231de919bf9a5ee,41641927,antifibrotic outcome,,,Event,event_200457e77fdd96f3357b,"Consequently, IAA mitigates MASH-associated liver fibrosis by inhibiting HSCs activation and proliferation.",,,,,,,,pending,,
concept,concept_9a0a153f18478aa44bfc,41641927,disease-modifying effect,,,Event,event_200457e77fdd96f3357b,"Consequently, IAA mitigates MASH-associated liver fibrosis by inhibiting HSCs activation and proliferation.",,,,,,,,pending,,
concept,concept_88d97b03ae8d5bfa22bc,41641927,tissue remodeling resolution,,,Event,event_200457e77fdd96f3357b,"Consequently, IAA mitigates MASH-associated liver fibrosis by inhibiting HSCs activation and proliferation.",,,,,,,,pending,,
concept,concept_040aae16b6ecbfa75e72,41641927,myofibroblast deactivation,,,Event,event_c6bc6ce2b28eae6f359b,"Consequently, IAA mitigates MASH-associated liver fibrosis by inhibiting HSCs activation and proliferation.",,,,,,,,pending,,
concept,concept_85c6f7e23c909e7d5fbb,41641927,cell growth suppression,,,Event,event_c6bc6ce2b28eae6f359b,"Consequently, IAA mitigates MASH-associated liver fibrosis by inhibiting HSCs activation and proliferation.",,,,,,,,pending,,
concept,concept_a09e0351f808f42e601e,41641927,pharmacological target modulation,,,Event,event_c6bc6ce2b28eae6f359b,"Consequently, IAA mitigates MASH-associated liver fibrosis by inhibiting HSCs activation and proliferation.",,,,,,,,pending,,
concept,concept_f0481ea87816898d830b,41641927,downstream pathway regulation,,,Relation,relation_8ca6c6b2814fb84a48a4,"Mechanistically, IAA upregulated adenomatous polyposis coli (APC) expression, thereby inhibiting the nucleus translocation of β-catenin.",,,,,,,,pending,,
concept,concept_59e4bf9740e75555858f,41641927,intracellular signaling cascade,,,Relation,relation_8ca6c6b2814fb84a48a4,"Mechanistically, IAA upregulated adenomatous polyposis coli (APC) expression, thereby inhibiting the nucleus translocation of β-catenin.",,,,,,,,pending,,
concept,concept_39ab618376fb10bea63a,41641927,functional causal mediation,,,Relation,relation_8ca6c6b2814fb84a48a4,"Mechanistically, IAA upregulated adenomatous polyposis coli (APC) expression, thereby inhibiting the nucleus translocation of β-catenin.",,,,,,,,pending,,
concept,concept_8c83b7358877dd6396e8,41641927,cellular mechanism of therapeutic action,,,Relation,relation_2521ef9035c967d17c3d,"Consequently, IAA mitigates MASH-associated liver fibrosis by inhibiting HSCs activation and proliferation.",,,,,,,,pending,,
concept,concept_7a608f0231b18dde2d97,41641927,etiological link,,,Relation,relation_2521ef9035c967d17c3d,"Consequently, IAA mitigates MASH-associated liver fibrosis by inhibiting HSCs activation and proliferation.",,,,,,,,pending,,
concept,concept_584d8e5c684ca50e2a27,41641927,phenotypic consequence mediation,,,Relation,relation_2521ef9035c967d17c3d,"Consequently, IAA mitigates MASH-associated liver fibrosis by inhibiting HSCs activation and proliferation.",,,,,,,,pending,,
